user,comments,ratings
幼稚鬼阿福,"*E1-就感觉所有人都用力过猛，极度浮夸…/高海宁穿着超高高跟鞋跑到事故现场做采访，真的吗…/23分钟李施华就一点点皮外伤，小孩摔成这都不一定哭的那种程度，需要疼得龇牙咧嘴的?而且用一瓶水淋到脚上洗伤口，还包扎那么多圈纱布?真的吗…/30分钟谭俊彦出场的时候有必要慢镜头吗，很油腻谢谢/啊这，为了拿到车cam居然直接砸烂人家挡风玻璃去偷，还说不会有人知道，大姐，路上没有摄像头是吗，你能确定没有目击证人是吗，救命好降智的操作/为了卖广告，那个飞哥几乎每次出现都拿着大杯满满的奶茶，真的吗
*E2-主持人在新闻直播现场拿出手机打电话进行电话连线?然后直播室坐着一男一女俩主播，男的全程没说过一句话，就黑着个脸咬牙切齿地坐着，真的吗
*E3-佘诗曼的西装外套是怎么知道披在肩上一直不掉的，好神奇/", 
帝九年,佘诗曼这张脸真的很OL, 
黑道少年沈來迟,打发时间。, 
kinky,开始追更啦, 
姚衮,看过。, 
卡夫卡,新闻九唔搭八，剩低女王, 
曰立,职场宫斗剧。芷瑶都比我聪明，因为她至少撑到了第二集，而我活不过10分钟🥲, 
上野急娃娃🌈,文家军斗梁家军笑鼠。港剧顶楼化又一实例，疯批到办公室zz一点面子功夫不做，就差扛把子带头直接械斗了，随机吓鼠一个山东尖子生的程度？（看到ep 14）神经吧为啥要玩洗白啊。, 
船船中的跑带跑,新闻编辑室说hello？, 
DX,19年以來CCTVB變色的註腳，照抄The Newsroom甚至都不是問題，沒能把自我審查這個當今新聞人最深層的焦慮做一點象徵性的展示，才是對香港(曾經的）新聞業最大的侮辱。, 
拉赫玛尼诺妇,宫斗片 不喜, 
景时未央,披着职业剧的外衣各种斗，之前最大的优点是节奏快，然而一个性骚扰墨迹了2集还没完，弃！, 
25003,节奏好，佘诗曼好, 
陈精病,略做作，佘诗曼越来越像刘嘉玲了。想念连配角都各个是熟脸的Tvb, 
琦殿,朋友说，这是一群人拿命在玩五子棋。, 
Pin,呃，看到第三集，那个似乎最有希望正直的女人准备偷看男友电脑上的证据时，有点反胃不想看了……这都是些什么不折手段的人啊！, 
三点五,23年11月26日，1-2，10-12集, 
利壁珈,喜欢剧里的服装，特别是徐晓薇的。, 
电镀小狐,看了10集看累了，不对，审美疲劳了。, 
一个朋友普希金,这是什么E人公司 上早班搞事情吸能量 我一个都做不来！要给多少钱啊, 
四娘生猛,全班tj人。其实呢，港闻真的能算作新闻么？, 
Happy Stranger,新闻报告是最好的PR。从一个角度挖掘真相，然后做成故事。, 
Nightcall,**法都落实三年了，还有这么群人愿意在一个乌托邦空间中讲述一个更适合东亚体质、犹如《The Newsroom》般的故事，泪目:(, 
投马头,tvb近些年的职场剧同以前的差别就是，从“精英感”到“扮精英”,还行
Kowloon Tong,看了六集的感觉：新闻的壳 宫斗的核,还行
雾都一枝花儿,"“文家军”听起来像快手老铁们的组织我笑死了！
有早期TVB那味儿了，剧情又drama又欲罢不能。整个电视台的人都疯疯癫癫的，像极了我上班时的精神状态。笑死。",还行
北京秀才,多加一个⭐给佘诗曼吧，她好歹做到了开头黄金七秒钟，然后公车戏就开始乱套了，人们就是再八卦也不会所有人齐刷刷用手机拍的，何况在捣乱的人没有武器以及其他人生命又有危险的情况下，肯定就有人阻止了。警察们到的比记者慢多了，不带任何防护，而且你警车开的近点不好么？非得四个一排跑着去，现场着火了这个事不应该交给消防队么？而且人家消防队比记者快已经到了。新人比起前辈们，演技差太多了。,还行
Laneeeeee,tvb嘛，拍什么都是办公室政治那一套，本质上和《金枝欲孽》一样。要论描写新闻从业者，《新闻编辑室》才是高山一座，本片第一集从分享会开始，就模仿了《新闻编辑室》第一季第一集的开头；圆形办公大厅布局也是；电视台的管理层级也是，最扯的就是这个，你们香港新闻节目甚至都不是主持人核心制你连这都抄。。。我倒想知道哪个电视台是让日班主播去跑外勤当记者的，哪个日班主播是在黄金档主播手下当小妹的，就离谱。。。女主的人物设定和造型也幻视《迷雾》的金南珠。。。,还行
鹅姨帐中香,"看了十分钟：哇好帅好酷节奏好快好过瘾
十分钟后：谁每天在这逼折寿公司上班真是倒了八辈子大霉",还行
myturnnow,追平到7集，同意有个评论说的，tvb以前跟现在的区别是从精英感 到 扮精英……,还行
七夕夜_半步,佘女王真是气场全开，但是，就像有个评论里写的，没有半点港剧神韵，每个人的阴谋诡计真的都靠嘴说，没有半点迂回，不叫观众费一点脑子…全没有经典港剧里的港女风范，就是香港人演的抖音热搜剧…杂糅了美剧的题材架构，韩国爽剧的运镜，价值观部分，是投内娱所好，精算出来的…全是阳谋，权斗生怕你看不懂，全放在明面上，太不写实了,还行
=.=,好剧靠衬托。碰到过文慧心这种上司，剧里看着爽，实际无比恶心,还行
给狗饭给牛饭,看了6集也没看出晓薇有啥能力让mann姐这么carry,还行
Mikro,说什么展现极致的新闻… 但不都是靠手下小姑娘上刀山下火海拿到的素材才力挽狂澜吗… 除了卡掉提词器还能依靠新闻记忆背出近几年新闻以外，其他看不到任何在专业上压倒对方的地方，看到的反而是无止境的内斗技能,还行
Nathan,和tvb经典表现女性职场剧还是有差，这部的大女主剧架势做足了，但内核感觉有些空空,还行
momo,女主在出场的那一刻就疯狂堆砌她的光环，人设好悬浮。,还行
仁の阑 (Akanish,到底好看在哪里，我很困惑,还行
天雨粟,可以佐餐，真的是下了大手筆了買了那麼多營銷,还行
今日不恰饭,飞哥给女主和佐治画，他俩再给两个得力助手画，助手再给下面的小弟画，这一层层大饼和pua看得我都心累，钱还都被方太赚了去，这工还得是你们打，我要躺平!,还行
西瓜南瓜哈密瓜,对比近几年的剧，还是能看的进去的，也多亏同行衬托了，属实矮子里面拔高个儿,还行
Rex,比较少的新闻题材，对于媒体通过不同角度来报道甚至影响社会事件的部分还算有点深度，但是专业有余，撕逼过度；全程高密度、高强度的怼脸撕逼实在影响作为职业剧的专业度，还是香港职场就是如此戏剧化呢？看至十五集，主角们背后的家庭狗血戏份开始增多，职场政治化、权斗化的愈演愈烈，已经与专业性毫无关系，依旧是港台剧“擅长”的撕逼一套；十五集弃,还行
马二,香港职场剧/宫斗剧，拿的其实是男频党争的剧本。佘诗曼这个角色，实在是太男频小说了。别人都不行，只有我行，别人都拿不下，只有我能拿下。这不是职场剧，或者说这不是贴近现实的职场剧，这就是玄幻小说。如果是内地剧这么拍，观众还会这么接纳吗？我持怀疑态度。,还行
葡萄冻,你们为什么这么爱上班 本咸鱼没代入感,还行
森田芳光小迷妹,作为一个新闻传媒毕业的学生很想说，我们是新闻人，不是贱人,还行
HatcherZ,食之无味弃之可惜，抓马比探讨新闻更重要，难得的新闻机构内部题材，却被“宫斗”占据，新闻的真实性和原则性或者其本身的探讨仅仅作为边角料。男女关系复杂，互相卧底，真的是为了反转而反转，为了爽而夸大。但是唯一的中立方却是这部剧的亮点，俩方权力斗争中的一点良心，真正关心新闻的一方，虽然是被边缘化，但是也体现出这部剧至少是想集齐多方视角，还是有一点抓马外的良心。中间性骚扰部分太拖沓，这部分真的劝退，也不爽也不够有现实意义，完全的水时长。#优酷,还行
Яανeη,希望不要烂尾 值得大力推荐 多方面的剧情都很好 新闻价值 办公室斗争 ...,还行
Redux,特供剧。讲新闻又碰不了新闻最重要的内容，尤其再看看近年有线、rthk这些电视台发生了什么，就很搞笑。本来从morning show抄来的模版，还把me too的部分写成这样，更搞笑了。倒可以无脑磕cp，但也只有高ling才接得住阿佘的戏,还行
焫手阿姨,在这个逼公司做工真是倒了八辈子血霉,还行
此处是吾乡,这部剧最厉害的地方就是有的剧情明明很扯，但还是很好奇下面会怎么演。女王举白旗很突兀，好像在告诉人们做事得有底线，知道规矩等等，但又同时在否定它，很矛盾。看到第十七集，真是神仙打架不知疲倦，里面的人都太聪明了，聪明过头，不知算计到头会是什么。盲猜最后是三人联合。,还行
自由的鱼,"不在意剧情故事的人会对这个电视剧在意？？？
 漏洞其实挺多的，总比大陆剧强太多",还行
宇宙少女玲永健,做新闻女王确实爽，打脸同事，绝地翻盘。可惜我带入的是被pua，被利用，被推出去当棋子的打工人。,还行
我不在乎,剧情不无聊就是挺扯的，人物都很脸谱化，而且感觉TVB捧不出好新人了，都演得有点丑。为了佘诗曼看的，看了又想看使徒行者了,还行
momo,粤语好好听啊，台词有的说的很棒，但整部剧给人感觉就是空有外表，内核却空空，滤镜加的太白，还是喜欢以前TVB剧不加滤镜真实的质感，还是以前的剧经典耐看,还行
亚,看得真累 斗来斗去 跟宫斗似的 斗来斗去无不无聊,还行
sexpistols,emmmmmmm……看佘诗曼大女主倒也还行，就是爆点不多……而且跟宫斗剧有啥区别啊？越到后面越没啥记者的专业展现！,还行
曾靜風,拍挺好的，女强人当然是自己变强，并不像某些通过贬低异性抬高自己的人。,还行
豆友189930571,看了三集还是四，不看了，就是觉得没啥意思。这部剧像一个人，偶尔能说出来漂亮的话，有道理，有借鉴意义的话，但整个让人感觉没意思，内核不稳，相处还累，真的一般。各花入各眼。,还行
看剧达人,类似披着职场外衣的宫斗剧，tvb确实大不如前了……,还行
今天我笑了么,吹过了,还行
လက်ဝဲယိမ်း,开头一下子就让人想到The News Room。剧情什么的就不说了，夸夸阿佘，当初她可是被群嘲鸡仔声的，没想到一朝回归TVB演起了女主播还吊打剧内一切演员。,还行
bitterlemon,不能说难看，但就是和大台以往的自己比，也已经是太旧太旧的创作了。,还行
厌晨欢,"“工作和男人哪个重要？”答案是都不重要，摆烂最重要
他们都没有业余爱好的吗，这么卖力工作这么给资本家卖命？到年纪都得退休何必呢……",还行
小水皮,剧情很浮夸，但是真的好看！穿搭都好好看,还行
已汪销,“延禧宫略”,还行
arrcmis,前几集节奏非常快，职场宫斗一转再转，非常抓人，故事也很drama，让人很有代入感，尤其编剧还讽刺了山头文化，感觉果然是TVB的编剧，对自家情况最是了解啊。。。目前觉得蛮好看的，演员阵容也算是近年来最强了吧。。虽然不喜欢佘诗曼的官配，但凑合吧，背景哥都拿过水视帝了又能怎样。。。,还行
江南小野田,看到15集了！我顶唔住了！,还行
麦片小孩,节奏很快 希望不要烂尾,还行
FinNann_,"非职业剧而是职斗剧，如果真的想看下去，就不要用脑看新闻制作，而是把关注点多放在几个人的宫斗（职斗）上，TVB一向写不了大场面，但从小看人与人之间的关系还是很精彩的。另外，佘诗曼演得有点用力过猛，莫名的微笑很尴尬~。整体1.25倍速看还行，还得补一句，少点慢镜头吧没必要。

13集后弃剧",还行
Raven,追到更新，估计会看完吧，一般般吧，能看算是，除了女主，对手能力都不行，这就很难讲了，,还行
罗夏的测试,三星中立，只觉得这剧的节奏很不错。,还行
须信人生如寄_,全靠阿佘撑戏眼，噱头大于剧情。,还行
旮旯小仙,上班上得都不要命了..........月薪五万以上除外,还行
Kikiko,前几集老tvb风是不错，但后面根本撑不住，2023年了，用1993年的做剧套路是不行的。对比同样讲新闻女主播的两代韩剧《夏娃的诱惑》和《迷雾》，简直是被比到了地下去。,还行
momo,看到很多推荐才点开了这部剧，感觉被营销诈骗了。与其说是职场剧不如说是新闻行业版宫斗，本质还是tvb老一套的宫斗内核和手段，职场部分做得特别悬浮。剧情上再多花样反转，职场设定这种地基没做稳，显得整个剧都很空架子。佘诗曼演得也一般，我认知中的女强人应该是从气质里散发着自信的，而不是靠脸上一直挂着似笑非笑的表情。几个主要角色目前几集我都没感受到有什么魅力，实在不知道还有什么继续看下去的价值。,还行
EA,装逼剧，跟早间新闻之间隔了十万个大门未知子。看在佘诗曼台词功底上，勉强打三星,还行
reneryu,宫斗到新闻界,还行
榛榛,家妍看着脸太僵，诗晴长得不好看，晓薇情绪不稳定，芷瑶居然是炮灰。我还是pink man姐吧。,还行
绷带僵尸,别看国语配音,还行
离我远点,"有种回到以前看TVB剧的感觉。港剧在塑造角色的能力上确实强大陆太多了。只是新人难出头后辈跟不上难回荣光
独靠佘诗曼独挑大梁，我是真的想看胡定欣演马国明那个角色的2创",还行
贺今朝,get不到，感觉很浮夸,还行
胧月夜,剧情、节奏的张力都蛮好，就是这叙事一言难尽……新闻主播真这么玩会下岗的好伐？幕后宫斗的部分也是群魔乱舞，好歹美一点啊！,还行
#NAME?,节奏挺快的 几家势力内斗也挺好看 属于是看得上头停不下来的那种剧 但降智和不合理剧情不少 阿佘的Men姐很有魄力和魅力 但是我永远不希望我有这样的上司 奉劝还未进入职场的大家 任何工作都不值得拿命去拼 Don‘t stay hungry stay foolish，always stay alive,还行
张腾森,大女主爽剧热度越播越高，这是用拍宫斗剧的配置在拍新闻啊,还行
无飞,诗涵推荐,还行
红豆年糕条儿,暂时三分 第一集记者跑到现场的剧情就很无语 到了不救人还碍手碍脚的 好想把他们一脚踹飞,还行
朝阳刘亚仁,很久没看正宗港剧了，味儿还是很足的，也挺浮夸的😂,还行
Saiyan,"高开低走
十集往后已经在凭空制造冲突了 ，看不到主角的成长变化
喜欢佐治",还行
本城,也就那么回事吧,还行
贰小姐 Annacat,演员无问题。但是导演和编辑是觉得观众的眼界都很窄还是只会看hk剧，第一集开篇基本都是抄《新闻编辑室》的框架，那都是10年前的戏了。抄也不用懒成这个样子，给点诚意行不行。另外看多几集，紧凑度还是有的，虽然细节不能细敲。但我好奇为了一份工，宫斗成这个样子值得吗？每天都紧绷神经，搞成抑郁症就为了出镜多几秒。不如好好打磨下自己的能力到底够了没。,还行
积德行善,看了十多分钟，不管是剧情还是台词什么的完全没有吸引我的。怎么会这么差呢,还行
Foley,这剧立意有问题，现在自媒体这么发达，为啥要卷办公室我不理解。,还行
村景,前面几集过去又回到了TVB的老一套，不看了,还行
顾德白,"前几集好好看！节奏、职场生态、人设都顶好，拍出了职场的阶级，也拍出了职场人的困境，难得的，也拍出了精气神，让人可以忽略一些浮夸不适的桥段。
但从第七集起…原来是宫斗啊，失敬失敬。
果然，21世纪的香港还是大清和大英的香港。",还行
邈邈,剧情能跟05年左右的tvb打平，阿佘一身演技马明接不住这是个大问题，没有很强的火花，人物矛盾变得简淡很多。,还行
曹人凤,8.2还是高了,还行
A headache,以前“精英感”，现在“扮精英”食之无味，弃了,还行
这位公子请留步,先凑合看着吧，导演功力不行，首先通过镜头语言讲故事就别谈了，低信息量镜头太多，编剧能力也不行，为了贴合讽刺tvb山头文化的皮少了让故事扎实人物丰满的骨，有形无神，剪辑节奏也不舒服，背后制作班底给人一种业余的感觉，很多工业化流程很成熟的细节瑕疵频出，不应该啊，港剧stf也人才凋零了吗,还行
瞧天r,披着新闻外衣的宫斗剧,还行
小咕咕咕鸡,有种拳头打在棉花上的不爽感,还行
CHIPSYU,职场剧还得看TVB，硬生生把电视台看出一种后宫的感觉。,还行
Violairis,下饭剧，属于那种打开了就关不上的那种,还行
Miya Cao,25分钟弃，一般，没啥兴趣,还行
飞天小蜥蜴,TVB老套路了,还行
韧勉,很老套,还行
田曦薇（待飞升,很喜欢阿佘，剧有点浮夸,还行
Lost star,职场宫斗+女性主义，只能说编剧很懂市场，不过这么土的镜头语言也是好多年没有见到了。,还行
萬歲,"新闻播报时候的语速也太慢太呆了吧😅
原来语速是国配版的问题！原版很正常！",还行
赵信,"冲着老戏骨和所有的人的努力
以及粤语


给了三星
但是我三分钟都没看下去
最后……
当做背景音看完了第一集",还行
Jianyutunzhou,观感像是吃了很多的隔夜菜，食之无味弃之可惜，最后还是丢了吧。我只能这么说，特别是电影电视这种艺术形式，你一把它跟其他地方的对比，好坏是能够看出来的。,还行
笨笨不认路,话题有讨论价值，反映现实社会题材的作品，里面的人物各有特色～只打三星是因为我不喜欢pua下属的上司，也不想和这样的人做同事，自己也不会这样对待下属和上司。但我尊重这样不内耗的能自洽的张扬的个性。另外，这剧的主线不是感情吧，因为女主的事业喜欢她我也是，可是拿女主的感情而吹捧爽剧就是那种披着女权皮的大男子思想在污名化女权。两条船无论男女无论时代都会被诟病吧，怎么一堆人叫好还要特地说因为女性所以支持～男权糟粕为什么女性也要学也要拿来骄傲？她有魅力是因为她本身有能力有魅力，不是因为性别女，只是她恰好是女。喜欢她的自强自立奋斗事业，而不是用该摒弃的性转版后宫糟粕思维来自豪。,还行
哒哒滴哒哒哒,那个stupid警察点解要刺激鸠摩智？嗯？,还行
Byron,港女十八式和办公室裙带上位有什么区别呢？,还行
Bleeding word,新闻传播学的有剧追喽,还行
爱情海,好久没看港剧，节奏很快，剧情也紧凑，戏剧冲突性也可以，虽然有点浮夸但我还挺喜欢看，特别佘诗曼演技爆棚，女强人的形象太有魅力了。,还行
佬猿,假是真假，疯是真疯。这是把当年金枝欲孽的剧本改了改，然后再重新拍成现代职场剧了吧？如果这就是香港电视剧目前的水平，那只能说港产剧几十年止步不前。,还行
行走的影碟机,看到很多近年国外新闻剧的影子，但中式争斗的特色确实还是港剧展现出来了,还行
hi-h,emm，我不可以,还行
口古口古,人物和节奏都没问题，映射TVB也好，影视圈也好，也没问题，但既然是职场剧，起码把新闻做专业点吧。一个新人记者莫名其妙就当了早间主播，看似山头文化但编辑部连个架构都不清晰。作为半个媒体人，有点看不下去了,还行
:👃🏻),2.5 大陆观众是真没吃过好的，白粥喝成燕窝  T 3 T,还行
和实,立个flag，这部剧不会好到哪里去甚至会扑街。佘诗曼，你作为个老前辈真不知怎么说你，当坏人不是非得要挤眉弄眼把所有表情都写在脸上告诉全世界我是坏人这样演的，但你的功力不至于犯这种低级错误，你是怎么了。而且一上来就从口中说出公司谁谁谁分哪几个帮派，oh come on，这些事情只要观众不是弱智的，看两三集就能自己feel到了，用不着从角色口中说出来。再来最担心的事情发生了，新闻事件太简浅了，依然停留在非黑即白的事故上，里里外外包括潜规则也是。总之，整部戏都表现得太功利，太野心，太浮躁了，仿佛跟全世界观众说我很好看快来看我，但好剧其实用不着你做太多输出，观众们觉得好看自然会发自内心有感而发。,还行
momo,节奏很快 人物塑造没得说 但是搞新闻真是这样的吗… 观望,还行
一点光亮,目前看到第八集，前面两集感觉一般，第三集开始渐渐入戏。这职场有点恐怖，勾心斗角的，感觉像在看金枝欲孽。,还行
咕咕鸡,画面质感一般 新闻素养一般 演播室布景说是播港台八卦的我也能信,还行
𝙆𝙪𝙙𝙙𝙚𝙡𝙢𝙪𝙙𝙙𝙚𝙡,"1、《白色强人》以后就没看过tvb最近的职业剧了，佘诗曼＋马明！好看好看好看！干嘛不搞点映啊？！😡姐有钱
2、梁景仁，靠四个女人上位的男人，啧啧啧啧啧
3、许诗情！呜呜呜呜呜呜呜呜呜好敢啊，让她成功！！！踹了佐治让她做老大！！！
4、？？？你再这么搞等着一星吧
5、编剧真的有点分裂，最近几集一会上一会下的",还行
浮光,只能说影视也是社会文化载体 只是遗憾再也不是我曾喜欢港剧的印记 有皮无魂,还行
不酷,我知道这种剧很好看，但是实在受不了man姐凶巴巴的pua下属，上班的窝囊气不想在电视剧里再受一遍了,还行
弗荌,前十集挺精彩的 后面剧情水的一批 xsr事件还以为会牵扯出什么结果是女生自己的幻想 编剧导演想抹黑metoo的算盘也太明显 许诗晴前期是很有魅力的角色 后面你告诉我她拼事业只是为了让父亲在电视上看见她 啊？ 我请问这对阿兹海默有什么帮助吗 不如买个平板循环播放好了,还行
宁弍,TVB依旧是剧情不需要太缜密的逻辑，职场宫斗主打一个快准狠。,还行
不见森林,不错,还行
L+,给外行看的“想象的新闻业”，但凡在传媒工作哪怕一天，就知道这根本不可能。,还行
Mani33,披着新闻皮的宫斗剧，真怕他们把snk斗塌了。“找个男人嫁了吧。”的底层逻辑是：一个没有工作能力的女性活该去当家庭主妇。这句话一是将工作和婚姻摆在了对立的位置上，工作能力够强才选择不结婚，为什么需要这个假设？一个人，是否结婚应该和工作能力没有关系吧？二是完全否定了“家庭主妇”的劳动价值，女性被当成有“退路”的获益方。,还行
懵星,很多新闻感觉并没有太重要，新闻事件选材不佳，记者主播间的争斗有些地方看着很假，比如主播在台上抢话、被闭麦等，但还好看，几个角色的博弈还是有点意思的。佘诗曼这个角色塑造得并不是很好，感觉这个记者没有多厉害，但佘诗曼有这个气场让人信服。只不过要是有更好的剧情桥段就更好了,还行
Fairyta,一间公司，一个享受玩弄权术的老板，一个脚底抹油滑泥鳅的总监，一个天天喜欢教人做事的女主播，一个争权夺利争到恨不得对方被爆炸炸死的马屁精，两个总想着靠男人上位的小花，一个六亲不认做新闻做到差点害男朋友吊销执照的卫道士。你们不累我看得都累了。。。,还行
小耳朵图吗,四集下肚，甚是drama,还行
萨小特,说好的不谈恋爱，还是痴女渣男,还行
a宅随意点😋,这分数是靠同行衬托么～跟以前tvb剧差很多啊,还行
plum,马明五旬老汉靠美色上位哈哈哈哈,还行
大智若愚,高开低走。,还行
比诺什么意思,马明你自己退出这个家吧！//有点为了抓马不顾观众智商了 anyway有个卓越的优点就是大方坦诚女人们的野心和欲望,还行
普通用户,"被营销号骗过来以为是情节丝丝入扣的大女主剧，至少也是《新闻编辑室》水平，第一集看了一半就觉得很扯很尴尬了。。。。 
再观望一下后续",还行
月华流照,三个主人公三种立场，文慧心、梁景仁和张家妍分别代表了新闻行业的不同风格。文慧心她深知新闻行业面临的各种压力和挑战，坚持公正的报道原则。梁景仁则是一个为了新闻流量而不择手段的人，他甚至可以放弃新闻伦理和道德，制造假新闻来获取关注度。而张家妍则是一个对新闻行业充满热情和理想的人，她不畏强权，一心只想探寻真相。这些角色的冲突和碰撞，为剧情增加了更多的看点。虽然剧中三位主角的性格和立场都很鲜明，但他们的背景和心理变化却缺乏深入的挖掘，他们的心理变化和成长过程并没有得到充分的展现。最后这部剧的世界观非常奇怪整个工作氛围内卷严重，仿佛世界只有这一家媒体，而且文慧心和梁景仁两人为了上位和拿到更多的话语权互相使用的手段非常卑劣，令人难以想象这是媒体人能干出来的事。,还行
yzcpx27,我是文家军！,还行
SHARK,他们上班是怎么做到这么努力的,还行
Zain al-Rafeea,全靠同行承托，一句话扭转一部剧,还行
柠檬水,大爽片，只是为爽服务，不能深究，但足够大女主，我不管了,还行
AI眼镜看电影,感觉没我想得那么好看,还行
一叶飘零,相比于很多国产剧，《新闻女王》确实有它的独到之处，叙事高效，节奏快速，尤其是对于女性的关注不局限于情感和繁衍层面，而是更多着墨于事业和内心的野心，确实是在“与时俱进”。但是，为了冲突和爽快，用力过猛以及对新闻行业和办公室政治的过度臆想，还是让观众只能停留在消费主义下的爽感，无法形成对新闻理想和职业伦理的讨论，就像又一款出圈的奶茶，味蕾刺激过后，终究会成为昨日黄花。,还行
环形废墟,……消遣可以看看吧,还行
爱德华·诺顿,好烦，为了拍一个职业就弱化其他职业，警察、消防都是吃干饭的是么？为了拍更多画面不救倒地流血的警察，不通知消防火场里还有人……完全不顾新闻伦理了么,还行
纯Jun,制作确实有点问题，看出来有点缺钱，但不是中心问题，中心在于人物和文戏有一流的架势，反衬得故事编纂有点蹩脚，比如第一场大新闻，要搞就搞个更激烈更耸动的事件了，比如……别比如了，会被审查屏蔽。,还行
晴天,笑死了，小混混无理取闹还抢司机方向盘是直接导致事故发生的原因，没人在意，全程查这个，查那个，还把司机以危险驾驶罪捉了起来，采访时说别人要付全责！？黑人问号,很差
猪奶奶,绷不住了，全程自带装b光环➕油腻表情，慢镜头这么多，平时可以多看看tvb新闻，新闻主持语速要是这么慢早没工作了,很差
IQD演员,当年HKTV的《导火新闻线》真是yyds这些剧照抄都不会,很差
.,以前TVB真的是我的挚爱，看到好评那么多也怀着期待追剧。看了几集气得我高血压，如果这就是所谓的飒所谓的大女主，那希望你日后的领导也这样，无时无刻不在pua你，甚至不拿你的命当人命。这就是所谓的girl power？身体上位？愚笨？对喷？明晃晃把雌竞写脸上？且作为新闻从业者，真相与流量有矛盾我从不否认，但在直播的时候为了己方输赢没有商量的不顾大局的抢话互斗甚至随意控制麦克风随意编辑提词器真的不是在侮辱观众的智商吗。看着各个平台都是各种好评，感觉媒介素养是该列为基础教育了。。。。真的垃圾，别说啥跟内地比啥好一大截了。。。咋就不能比点好非得比烂呢。。。,很差
momo,当我看到记者去现场比警察医生还早的时候，就弃剧了,很差
momo,哪个龟犊子宣传的骗我来看这部电视剧的，主播在直播过程中公然抢词互相对着干，警员受伤躺在那儿4个小时没人救，还有女主为了自己的职业生涯pua小菜鸟下属进火场拍摄，还新闻女王，新闻女鬼吧！拜托，连大陆最low的国产剧都知道拍成主角自己进火场好吧！简直浪费我时间,很差
yuaner_712,是我的错觉吗？看到8.1点开第一集五分钟不到就被港剧一贯装逼+浮夸+做作的演技雷到关掉以保护眼睛！吹这部剧的去看看美剧早间新闻吧，会见识到什么是真正做新闻以及专业度和各种高逼格！2023了怎么还有这么假的剧，关键还8.1，真是匪夷所思！,很差
发财,装模作样，装腔作势，只摆出一副不可一世的样子并不代表你就是无所不能的大女主。这剧有配音吗？这港普听着真是难受，把普通话说好了再演戏吧。实在看不下去了,很差
宝轮,弃了…包了新闻公正的的皮讲了一滩弱智无聊恶臭故事…tvb捡不起来了…,很差
uncertainty,看看人家台湾怎么拍新闻剧的吧…..别天天宫斗了,很差
chi,建议香港人不要拍新闻剧了哈，大学新闻系都没人去了，媒体该倒闭的也倒闭了。你搁这儿坟头蹦迪呢？“一个健康的社会不该只有一种声音。”,很差
再不早睡会变笨,当佘诗曼拍胸脯讲出那句“给你看看什么是新闻的极致”时，哇，yue了呀，魔怔了这是 ？,很差
momo,13集是哪个臭弔写出来的,很差
Yellow,真的好想给#新闻女王# 打一星[裂开][裂开]，为什么要叫新闻女王呢？叫政治女王算了。一堆人一天天正事不干，在那搞权斗，真的好无语。就没见他们正经播过一条新闻。,很差
豪斯,？？？让下属冲进火灾现场拍照，这不是新闻女王这是新闻女巫,很差
枕霞旧友,看不下去 半集弃,很差
幼儿园在读,TVB冇了。,很差
烧饼加鸡蛋♀,宣传内卷的剧，啥时候实现6小时工作制是正经事。别给卷王发牌坊了。,很差
光头疯疯,明明是糟糕的宫斗戏，非要包装成新闻编辑室的故事，里面没有一丝的戏份跟制作一条好的新闻有关。man在火灾现场说要报一次新闻的极致，看完我问号脸，这几句话谁不能说啊,很差
沙律,真的不知道8.1怎么出来的，假到不行的大烂片，港剧真的江河日下，披着宫斗剧外衣，还是烂俗的概念和演技，现在一点进步都没有。,很差
Boring Lee,演技太浮夸了 用力过猛 就是新闻界的宫斗戏,很差
CuSO4Fan,新闻行业真不是这样的，想做“宫斗戏”放过新闻好吗？事故现场“记者”高跟鞋慢镜头出镜那一刻，这片子就没救了。,很差
sss,这剧情好假啊,很差
章北海,浮夸油腻傲慢,很差
常柏柏,幼稚，跟小学生一样,很差
白rap与小笼女,人血馒头营销不可取。其实也很悬浮啊… 开金手指记者比警察早到这种就不说了，别说什么HK不一样，你看刑侦剧是谁到的早… 就是主角光环而已…其他方面也悬浮啊，前面有新人刑毁，后面有不要命进火场…佘诗曼脸有些僵且一直瞪眼的感觉。李诗嬅好很多。不过大家播音腔都有练过。其实也是爽剧，但了解新闻的总感觉有些不贴地不现实。,很差
raincoatho,"202311
第一集就觉得好难看，不知道为什么内地这么红，可能是内地佬内地垃圾片看多了。巨讨厌这种充满硝烟没安没乐的宫斗剧，压抑的假职场。
本来佘诗曼演戏还可以，但是这部剧里发型难看，衣服低档，脸又硬老，总是骄傲自满拽得不行，不喜欢佘诗曼那个不可一世的嘴脸。／何依婷更是硬捧，长得鼓包子脸真丑，一副心机婊样，戏份大得惊人。
整部剧一堆港姐有个屁用，全是花瓶。
还有服装巨丑，全是低劣聚酯纤维，好low。
知道hk那边也狂吐槽，我就放心了。
看了不到一集，马上回去看＜夏娃的诱惑＞＜太阳的女人＞。人家那才是主播剧，有职业素养，有冲突，有温情爱情。",很差
豆友3wD_xscMzs,第一集看完直接劝退,很差
絆城火因莎,内地观众是有多不自信！这样的烂片也能8+是眼瞎了，还是膝盖软了！,很差
fever,虽然20分钟就有一堆bug，虽然腿部高跟下头特写能持续三秒钟，虽然声称大女主剧可是一个整天打高尔夫的男领导还是能和勤勤恳恳工作的女主分庭抗礼，虽然女主死鱼脸比不演偶像剧的唐嫣面瘫一百倍，但是我们内地职场剧又又又被tvb降维打击啦。,很差
KAME,这年头还有在吹TVB的，我也是醉了…,很差
大唐是个好人,是这样的，这个年代呢……这……不是……那个……好吧，会被喷的，饮茶去啦,很差
千岁情人,越来越像刘嘉玲……新闻早就没落了……nonsense,很差
陛下牙缝有菜,看到第七集怒评一星，罔顾人命打着新闻的真相的名号，让新人记者不顾自身安危进去火灾现场，差点造成重大人祸。而几个争权斗利的主播也是资本的旗子而已。人心的解读的确是真实职场的模样，但是这到底在倡导什么？特别是刘艳抬上担架的时候，放的煽情音乐太讽刺了。全电视剧就我和张家妍是正常人，看几个人痴线😓,很差
青山戚戚蛙,几胶。。。,很差
史露比露髀☮,我去翻煲旧剧好过,很差
千言一语,假奋斗！又称之为“我系点样将宫斗剧拍成职场剧”，从识得稳内地金主就知tvb仲未死晒，但已经越来越卑微,很差
War and Beauty,TVB明明有新闻部，剧还能拍成这个样子,很差
抓马鱼,想到前公众号女王咪蒙和抖音快手的各种小视频，反正咱这萎女是无福消受tvb给的蓝色小药丸了。,很差
肖战壁虎,香港娱乐圈越来越越内地化了  净搞一些破烂玩应,很差
A小米同学,这做作的演技和剧本………完了，我长大了！！！,很差
室宇嚴邃,女主居高临下训人的样子真恶心,很差
bllnlwhlh,喜欢2010年以前的港剧风格,很差
merikensack,假到不能再假,很差
来自比邻星的H,笑死,很差
摸摸良心,台词差，各个演技演技倒退,很差
闲匀一朵,人物很情绪化…,很差
書魚,像是一场提前设计好的“高潮”,很差
拜托读读书吧,"张家妍这个角色塑造得既双标又白莲花假圣母，嘴上说看不惯man姐各种行为，自己对待新人下属刘艳的做法和态度却是有过之无不及。
        张家妍行为的本质是对man姐的雌竞。由于在电视台一直强调自己不站队不权斗，导致自己组的素材大家都觉得是烫手山芋没人愿意播。每当遇到自己想爆料的内容，即使飞总和George都是明牌大烂人，却依旧都优先选择飞总和George，向他们寻求机会尝试播出自己的素材，被他俩都拒绝后才会想起man，真的很可笑。
        尽管这部剧播到现在是强过很多国产职场剧，但本质只是披着大女主皮的TVB宫斗现代剧罢了...",很差
门门。,三观不正 塑造垃圾新闻人,很差
在周六,"对不起佘诗曼
什么猪写出来的 事故现场 新闻人先到？",很差
点个窜天猴,人设悬浮，与现实割裂严重,很差
Oreo呀,第一集记者快过警察赶到事故现场，现场都是亲历者不上去问两句发生了什么，反而事后靠线人放料和砸路人车窗偷行车记录仪？？？艺术不能脱离生活啊喂,很差
豆友88888888,越往后越恶心,很差
信息为空,歇菜吧，港剧早已失去灵魂。做好它很差的心理准备来的，但没想到它竟然还能跌破我预期。这剧但凡上了六分我都得说可能现在的观众没见过好东西所以垃圾吃得还挺带劲的,很差
tt,太浮夸+全程装b+剧本太假。新闻记者比消防警察还早到现场？同一家新闻公司打反调，还是在直播的时候？讲得好似新闻记者控制一切一样...新闻记者为了资料去犯罪刑事，真的无语。二星是给佘诗曼，马国明和李施嬅的。剧本真的太浮夸了。,较差
七,被评论骗进去了 看了之后发现自己也有马失前蹄的时候 港剧画面倒是跟进内地越来越清晰了 但是食之无味 让人觉得悲哀 无非就是换到🇭🇰去拍的大陆剧罢了 台剧画质依然很烂 但影像质感一直都在 说不出更多 就是悲哀,较差
敏敏郡主,冲着马明同阿佘去的，结果大失所望。阿佘真的不适合这个角色，太装逼了没有气场，不是绷着脸就是飒爽专业的，还有口播太违和了。还有事故现场记者居然比消防还快，女记者还要妨碍消防，阻住地球转。马明反而令我出乎意料，口播还不错。,较差
嫩嫩,快 2024 年了，还在为了爽而爽为了斗而斗，太累了，做点好饭菜吧！,较差
西瓜汽水,绝对不值现在的8分，新闻从业者看了觉得很浮夸的地步。记者比警察和消防人员都早进入现场，也不管会不会破坏证据。一则事故导致整个电视台都急匆匆仿佛都要跑现场，主播掌握办公室绝对话语权，日间新闻主播去跑新闻写稿子。媒体掌握主导而非政治经济，这在哪个地方都可以称为天方夜谭。,较差
惊蛰与马,豆瓣对TVB实在太宽容了，这剧情只能说是幼稚离谱,较差
汉尼拔第四季呢,关基站精神病人就秒清醒这种剧情真的是2023年,较差
红叶满寒溪,跟梁小冰2015年的《导火新闻线》比起来差的不是一星半点，一星给邓智坚，一星给李诗桦。,较差
不笑,简直不能忍的地步。,较差
wboy,本质就是宫斗剧，专业度极差，而且越后面越烂，还以为是中国版的newsroom，后来发现新闻版的金枝欲孽。,较差
Haru,大部份人还是tvb滤镜太厚，整部剧为了爽逻辑全都不要了，换做国产剧早就被骂死。,较差
图灵莉莎,披着宫斗戏皮的厌女剧，剧是烂剧，越看越烂。两星给佘诗曼的表演，她本人的表演是相当迷人的。,较差
Z,的亏同行衬托，优酷播出的这个港剧的热度很高。但是第一个车祸事件就假的不行，港剧越来越烂的原因果然是编剧。浪费一班好演员。,较差
。Red.z,啊，带着期待点进去的，结果这啥啊,较差
飞碟熊二,张加盐才是女主,较差
朱丽叶,剧情一直想着反转反转做爆点细节不忍直视，职场米兔案能走近科学两整集最后得出结论是女生幻想诬告，炸裂的情节炸裂的编剧，和🌊比过于给这剧抬咖了,较差
刘忆斯,"名字里有女王二字
想必就走不出宫斗
一看，果然，老套",较差
大P™,一集弃，90年代的镜头语言，过爆的大白光，卡通片剧情，严重脱离实际把press当基金经理捯饬的道服化，挤眉弄眼的表演。,较差
臣亮言,第一集的节奏和新闻报道都很糟糕……是后面渐入佳境还是大女主的人设可以溢价到豆瓣8.2了？,较差
荒野侦探,新闻已经没有这种聚集效应（把关人）了，换成直播带货主播里面的明争暗斗会比较合理,较差
戴一,笑死，原来还是宫斗那一套，中国人果然从明初斗到明末，永远在呈现上意不可知权力高深莫测，期待的职业剧原来还是中国职场，再看评论一帮帮人站队分析，堪称赛博党争。,较差
',车祸，火灾，挟持人质…无非是用暴力和血腥抓人眼球。以新闻之名，行八卦之实。顶着新闻女王的名号，但做的事情并不比狗仔队高明太多。,较差
nono,学新闻的：啊？,较差
raku,how time flies（tvb要专注拍这样的剧就散了吧,较差
梅子酒,打工就打工，搞这么热血沸腾干嘛，整的我还以为你们在争的是幸福而不是工作,较差
BWT,就挺无聊的,较差
Ich,唔好睇 假到爆,较差
舒晴,看了一集半，太大女主太假，真正的新闻工作者遇到那么大的新闻哪里会全程胜券在握的样子，还越级换了电视台的赞助商，哪里这么大的本事，合同的字怎么签？跟个主播签吗？女主上司看着还是个没啥本事的人，这种人怎么用好女主？女主咋不想着早点端了他呢？取代他的位置直接比竞争对手高一级别岂不更爽？太爽文太假，我就算不是新闻工作者都看了一脸尴尬。,较差
昆仑有人衣青衣,因为佘诗曼火场那个片段看的，但正剧真的不行。细节浮夸不写实，场景与事故等级不符，主播的语速和仪态都不对……剧情角色方面，冲突和人物刻画都太刻意了。,较差
Molly,有好演员 好的演技但是不妨碍剧本烂。 求求不要再尬吹了！  剧情+群演演技=尬到爆,较差
你赢你也麻,更像是宫斗剧不像是职场剧而且还是新闻 感觉更应该严肃点 不是这样的娱乐 但是太drama又吸引人想看下一集这也是tvb一贯擅长的 只要不像上车族那样崩坏 保持7分应该可以,较差
谁,一般,较差
柠檬和盐烤鲑鱼,既然要讲宫斗，就别叫《新闻女王》。,较差
Avocado Lake,佘诗曼年纪大了颜值下降演技也没提升啊…让我的记忆留在天与地吧…和台剧肉眼可见的差距,较差
似水流年,"不愧是“本故事纯属虚构”，表演就一个字：装。故事就一个字：假。这种装腔作势趾高气扬的伪职场片，与真实的传媒业没半点关系，看了让人发笑。

其实跟内地那些打着职场旗号的糖水偶像剧&悬浮都市剧没什么区别，本质都是满足观众幻想提供爽感的快餐品。",较差
Suen,"阿佘整张脸都在说，我是这个新闻界的一姐，只要我出一句声，新闻界，甚至整个社会，翻天覆地。
//阿佘在这部剧里overact，用力过度，眼神的演技痕迹明显，整件事变得好难令人相信。
//一部剧只有金句，那还算是剧吗？",较差
我有两只猫,一部讲新闻行业的职场剧，各种剧情OOC，公交车祸案，火灾案，记者跑在消防/JC的前面到现场，这剧情换在内地，要被官媒与各行业骂亖。为主突出而突出，不顾现实逻辑的悬浮架空剧不值得及格分。,较差
有点弧度,看了两集 每个情节画面都很像抖音短剧、、,较差
不明生物单小七,可能是因为我从小就没有受过TVB熏陶，也可能是我一直在文化行业，对枪林弹雨的现代职场涉入太浅，尝试看《新闻女王》，一集多就不适感非常强烈。本来期待看到新闻行业的专业和道德伦理的讨论，但目前更多还是打工人相互厮杀但又乐在其中的变态，资本的阴影笼罩在一堆光鲜亮丽的。佘诗曼的表演被吹爆，但我真的蛮反感被权力春药滋养的精致脸庞上的洋洋自得，以及以对下属跋扈为美（这不是大清宫里的日常吗）。或许可以把这做派解释成女性在残酷职场不得已的生存之道，但我不太相信雷厉风行和散发人性光芒这两件事是彻底相悖的。对比之下，日剧里等级森严的职场，好像还能看到更多底层人的互相支持和对系统的一点反思。,较差
Kesureeeee,家人们  出了节奏快以外，简直看不下去啊。批着新闻表皮的宫斗剧。  为了斗而斗还不如甄嬛传呢,较差
幸运的星星,剧情一开篇bug那么多，换成内地剧不得拿出来示众。警察出警的时间不比记者早？看到人员还在车里不帮忙救人在那拍？我看是疯了,较差
authornana,好装啊，以前的TVB拍职场不会这样扮野……,较差
猫姆,一集弃 装逼犯,较差
三只龙猫,很久没有看过出圈的港剧了，都已经好几年了吧，上一部有这么高热度的还是使徒行者。看了几集，觉得还是一般吧，除了主演，其他配角的演技真的好尬。。主角也是设计的好能装，好在剧情节奏不错，有点爽剧的感觉，还能看得下去。8.2,较差
Takagin,没看过其他港剧，不了解香港媒体和港剧，但是这剧里面的记者和狗仔有什么区别，第一集车侧翻着火随时可能爆炸，比消防还快就算了，不救人怼着受害者脸开拍，挡着门口妨碍救援…还有人性吗。很难想象新闻媒体主播365天窝里斗诱导舆论，公司文化加班PUA，还能做出权威的新闻…,较差
禁止抬杠,只想说这要是大陆剧这种浮夸的剧情浮夸的演法大概会被喷死吧...,较差
anjingyq,👖可真会营销。就这都要拉踩内地剧，以爱为营是💩没错，但这剧要定义是职业剧的话，就是对以前tvb真正职业剧的侮辱。,较差
寻寻蜜蜜🐝,落寞是应该的，这么扯,较差
牛奶布丁💓,难以想象这是2023的剧…tvb确实完了,较差
momo,现代版延禧攻略……,较差
牛肉鲜虾面,雷声大雨点小，主角装x过头，作为职场剧太小儿科了,较差
陈香古色,越看越不对劲，不愧是部烂腰剧。浮夸，刻意，做作，媚俗，剧情不清不楚，只剩下搞噱头。,较差
小雨微凉,👖又搞吃绝户式营销，就这悬浮的剧本，营销还要到处吹吊打内娱，这么老套的题材拍来拍去也就这样了，一眼望到头。,较差
罗,多给的一星是给余诗曼的，职场女王很霸气，但是职场的那些就好像宫斗,较差
小黑,背刺米兔 还想吃女权红利 呕,较差
陈寄春.,看不懂。。一个新闻两队争，这不是浪费资源吗？有做新闻的出来解释一下吗。。,较差
Hekkk,好浮 好假 好古早的拍摄手法 第一集那个抢方向盘的剪辑和假哭小男孩给我整笑了 大学生作业都会被老师笑 要是国产剧能骂两年,较差
leonqwh,狗血剧情,较差
在豆摸鱼的粗面,看了第一集，怎么感觉味道还是有点不太对，就一开始到大巴事故，每个分镜切换都觉得不是很自然。。。特别是前面有一个室外的镜头，很明显能看到打灯太强引起的不自然的阴影。。。,较差
看见北风,看的有点尬,较差
你看我干啥,没觉得好看在哪。。。。。每个人都拽拽的 莫名其妙的 可能我看的普通话版吧,较差
jibber-jabber,略显浮夸,较差
,新闻是这个样子的？,较差
——夕,也不知道是哪里的问题 看起来非常别扭 特写镜头 慢镜头 好出戏啊  故事也挺浮夸。 tvb真的需要进步多一点才行了…,较差
veve,目前看了两集，一个字形容就是，装,较差
chin(intj-infj,逻辑一集比一集差，负责宣传的大喜吧，一部普剧吹成这样,较差
豚豚,都说港剧归来吊打内地电视剧，但是常看TVB 的人都知道还是炒旧饭，撕逼➕狗血为了反转而反转，都是老一套，就是看演员们老得老，丑的丑，不得不说TVB 后继无人了，内地剧本虽差，但是帅哥美女还是养眼的，而且我们也不是没有好剧，大可不必涨他人志气,较差
momo,不要有太高的期待，前期文姐说后悔没和男友去美国否认自己事业的成就就算了，第13集究竟在讲个什么啊，好好的性骚扰案件拍成女生自己喜欢那个佐治，看似是爽剧，但逻辑完全不通，晓薇直接在办公室前面给文姐跪下，我的天，21世纪的职场居然会有这种情节，太悬浮了吧。不能否认剧有好的方面，但现在这些创到的让我只想知道结局是什么，不会一集一集等着看了。,较差
阿贾克斯,剧情太浮夸，配角和群演的演技实在是太差，跟在开玩笑一样。,较差
卫悲回,看过Newsroom再看这个觉得这帮傻逼超业余，看了几集发现原来是宫斗剧，果断弃。,较差
斋生,刚出的时候我一口气看了5集，给了4星观望，然后刚刚补到10集，发现剧情是没劲，一整个翻来覆去,较差
Ｍｉｎa,就…受众到底是谁。只有内地观众需要开这个智但 他们真的需要吗:D,较差
BiuBiu,不是职场剧是宫心计是溏心风暴是珠光宝气,较差
KM,当下政治正确的大女主+宫斗剧，TVB已经脱离了以前立体主角扎实剧本，改拍抖音爽剧路线了。看第一集感觉在模仿电影《夜行者》，但却差太远，缺点非常明显，剧情太假了。所有人都是宫斗里的工具人，人物扁平。最让人反感的是，营销花钱让很多影视自媒体吹这部剧来吸引路人好评，还扯什么真实原型。不推荐，营销太减分。,较差
洒家王喇嘛,港剧没落至此了吗？一群三观不正的神经病在一个鸡窝大的单位里分成四五拨斗来斗去乐此不疲，唯一可取的可能也就是女孩子们颜值基本都在线。两分送给佘诗曼和姑娘们，剩下的打包负分滚粗吧。,较差
豆友115699916,是比大陆职场剧好，但是也不是那么好，职场就必须内斗啊？拍个事故现场磨磨唧唧，莫名其妙的镜头语言，出场人物扎推，根本分不清谁是谁。只能说8.2真的虚高了。,较差
Da.Th,两集弃,较差
像一句广告,1.5集弃。不敢相信都已经2023年了，TVB还在拍这种连皮毛都没抄到，假职场真宫斗的剧情。忍不住想起上个月跟一个知情人士的对话，TVB真是朽到骨头里必须得换血否则肯定很快玩完。毕竟，现在的观众都是看美剧长大的，TVB引领潮流的时代早已一去不复返，而他们对自己的优势劣势认知不清，还想拿这套老玩意来糊弄大陆观众，真是挺可悲的。,较差
狻猊,披着新闻媒体外衣的大女主爽剧，情节抓马细节可怕，新闻媒体的从业人员看了以后直呼WTF,较差
贫贱忙卒,不行。,较差
暖流,在知道这部剧会在国内上映的时候，就知道不可能是一部好剧，因为这部剧的主题是新闻。好新闻的本质就是追根究底地揭穿真正的黑暗和反抗权威，而这两点都不被允许出现。那既然出现在国内了，就说明这两点完全没做到。有人可能会说，国内也有反映社会黑暗面的电视剧啊，但你没发现所有这类好剧都是悬疑剧探案剧么！探案剧只要有个足够心机的反派就可以，但新闻剧的反派怎么可能这么简单，简单了那就只能是肤浅平庸的剧了。,较差
玛雅頭骨,《新闻女王》前面几集还挺好的，越看就越发现还是宫斗剧披了一层现代外皮。真的，就，这个小岛能有什么出息啊，婆婆妈妈封建主义那一套。而且设定还挺像《早间新闻》。 我看美剧的为什么要浪费时间来看港剧。 《新闻编辑室》YYDS #剧集#,较差
蟹黄小笼包,二十一世纪最歹毒的骂人方式：趁早找个男人嫁了吧,力荐
大小姐,女人在认真做新闻，男人办公室政治靠做鸭,力荐
跟着小猪去旅行,可以说是近年来港剧的天花板了。开头非常吸引人。题材也非常的新颖。佘诗曼演技爆棚，女强人的形象太有魅力了。,力荐
旺仔小馒头,"内地电视剧骂人：你活该没人要！
TVB电视剧骂人：找个男人嫁了吧。",力荐
扶翼,节奏很快，剧情张力很足。女性角色们都是活的，有野心有欲望的。man姐carry全场，多加一颗星。,力荐
苏三,看到了黄金时代TVB的影子，连刷五集，好看！,力荐
Xenon,"很好看啊！男主说女配不聪明的理由是，她的香水和女主一样，但她自己不知道避忌，也没人提醒她，说明她没有女人的直觉，也没有女人的人缘。
我竟然觉得分析得一针见血。新闻行业的节奏比我们这种快多了，我觉得节奏挺好的一部剧，佘诗曼的演技就是保障。",力荐
momo,很好看啊，但希望后面不要为了捧新人没有主角戏份,力荐
空气耳朵,终于有人像写男人一样写一个女人，她费尽心思，她不择手段，她争强好胜，她一点点都输不得，她利益熏心，她爱一个男人，但和另外一个男人上床。而编剧也没有审判这样的女人，她会有低谷，但是她总是爬得起来，她有理想，她也有柔情。我只祝她想要的都得到。,力荐
momo,TVB 的价值观和精神状态现在还是遥遥领先我们好多年啊,力荐
hobite,陆剧用了四十年，到头来还是不如tvb。,力荐
我要朴智旻,第六集看完。我只想说起起承转合比我这一年看的电视剧还要精彩，好剧能不能给我再多一点,力荐
尖🚲,佘诗曼😍😍😍,力荐
孤鹜,还得是TVB当然编剧，节奏紧凑，“山头文化”体现得淋漓尽致，人物鲜明，“你连狗咬人的世界都不知，人咬狗的世界不适合你，找个男人嫁了吧”佐治这句话骂得好脏，笑死了哈哈哈,力荐
李小丢,为了鼓励，多给一星，我喜欢女人不需要任何理由就展现出自己的欲望和攻击性的样子，有人骂你野心勃勃，有人爱你灵魂有火。,力荐
乙女yuki,三分给演员们的演技，一分给TVB，一分给与之对比的内娱傻白甜玛丽苏偶像剧🤣,力荐
一溪云,学新闻的被郑书意气死后在这找到了些许专业，虽然还是有些部分夸张或不严谨了，但至少让人向往这份职业。,力荐
Ricky,如果是英美剧我还会讲缺点一二三，但是中国人自己的戏这样，五星吧，说太多没意义,力荐
牛魔王daniel,佘诗曼的演技从来没让人失望！剧本给力反转又反转！,力荐
、8tsm4r,好多年没见这么好看的港剧,力荐
不可说,好看疯了，好久没有这么有思想的剧了，包括港剧，阿佘还是会选剧本的，李施嬅我也好喜欢，演技都好好。,力荐
素衣染天香,俾足五粒星！很久未见到TVB气韵这么足的剧了。一口气追平八集还想往下看。一言以蔽之：时装宫斗剧！！里面没有完美的好人。可以说是全员恶人。套用WB的话来说，内娱骂人：你活该没人要，TVB骂人：找个男人嫁了吧。---真牛哇。听说还影射TVB。。。典型的，我自己挖我自己的素材骂我自己。。。,力荐
眠去,为佘诗曼打call，台词演技依旧是tvb视后天花板！,力荐
曦月,比某爱为营的娇妻剧好多了，爱看这种大女主剧,力荐
江湖神经,好久没看到佘诗曼的女主剧了,力荐
小烨,“你问我？我做新闻嘅喔，对GDP边有贡献啊？”一句话令人醒嗮。看完8集，不断感慨，TVB太强了，哪里退步了？依然在吊打内娱。,力荐
荞麦花开,只能说牛逼。港剧编剧功力在矛盾冲突惊心动魄方面，全世界独一份儿。,力荐
认真的泰罗,很喜欢剧情的紧凑感和演员的表演，剧中的女主播女记者们都很有目标和干劲，作为女观众看得热血沸腾了。目前唯一缺点是优酷的发白滤镜影响画面质感。,力荐
super_FLQ,今年老佘能拿视后吧？,力荐
十三,想想我身边好多30多事业出色却因为单身被人指指点点没有用的烂环境，也要给这个剧五星，多少年了，大清都亡了，大陆剧的所谓大女主剧还是在一天天地怎么挑男人选老公，被tvb甩一百条街是应该的,力荐
nono,tvb你能不能教教大陆点拍影视啊！你拍女性纯职业斗争时大陆还在拍张校长为亡夫为爱情办学啊！,力荐
Krystal,阿佘帅我一脸！男人要么垫脚石要么绊脚石，而我永远要发光！,力荐
顾知否,有一点我很喜欢，就是没有去解释女主为什么想要成为新闻女王，没有给她安上一个凄惨原生家庭，也没有编排被男人伤害后黑化的桥段，她就是想要成为最牛的那一个，不需要跟观众解释野心形成的原因，毕竟这又没有错。这很好，捍卫职场女性牛逼自由。,力荐
松子🐯,保持目前的状态下去，就是好片！5分先奉上，佘诗曼气场真强大！不在意细节，不在意逻辑，看着爽就好。,力荐
恐惧虫虫小螂君,终于集中火力整了点好的,力荐
nono,tvb你能不能教教大陆点拍影视啊！你拍女性纯职业斗争时大陆还在拍张校长为亡夫为爱情办学啊！,力荐
Krystal,阿佘帅我一脸！男人要么垫脚石要么绊脚石，而我永远要发光！,力荐
顾知否,有一点我很喜欢，就是没有去解释女主为什么想要成为新闻女王，没有给她安上一个凄惨原生家庭，也没有编排被男人伤害后黑化的桥段，她就是想要成为最牛的那一个，不需要跟观众解释野心形成的原因，毕竟这又没有错。这很好，捍卫职场女性牛逼自由。,力荐
松子🐯,保持目前的状态下去，就是好片！5分先奉上，佘诗曼气场真强大！不在意细节，不在意逻辑，看着爽就好。,力荐
恐惧虫虫小螂君,终于集中火力整了点好的,力荐
保持微笑,可以看得剧，但是经不起推敲，比如陈敏之伪造受伤一事，光看视频拍摄的角度，就能判断是当时站在对面的小薇，文姐那么聪明，不可能想不到；演员都发挥正常，值得看看,力荐
地球明天就爆炸,看得第一部港剧《澳门街》，上次追的港剧《使徒行者》此时此刻在追《新闻女王》😅😅佘诗曼牛逼。,力荐
腾空的jujube,有一说一，年度爽剧天花板，钮钴禄·tvb它回来了！！！！,力荐
烂片观众室,目前真的很好看，敢拍，很喜欢那句：东抄西抄喽。很多带标的自媒体惯会抄袭操作，我长期手这困扰，可惜我不够火，甚至都没办法维权,力荐
花花世界811,看了6集，TVB回来了啊～剧情紧凑，戏剧冲突拉满，各个人物性格鲜明，对手戏也都很精彩，期待高开高走,力荐
开放社会,2023年度最佳港剧，没有之一，在整理台词中,力荐
墨卿風,"先给个五星支持一下

吸引我的点  一是传媒题材
二是  剧里有多样多彩的女性角色  各有各的迷人 
个人最喜欢张家妍   很显然 她是文姐的前身

一条线讲公司内斗 很喜欢从上到下 各个级别都有的生态圈  从方太到 实习生  呈现出一个完整的金字塔

中层作为主力  涉及到经典对抗   实力派vs关系派

第2条线  讨论专业话题  包括  媒体道德  职业操守  新闻娱乐化  这部分都很干货

第3条线  涉及女性话题  女性在职场中的诸多困境  玻璃天花板  职场性骚扰  事业与家庭冲突

剧情好刺激 环环相扣 一集接着一集  完全停不下来
直到第14 15  突然泄掉……  希望后面不要掉链子

台词写的真好  直白  清晰  有很多形象的比喻

好像是我第1次这么认真的看港剧",力荐
顾老肉,虽然还是有戏剧夸张的成分吧，但真的好看，尤其最近被烂剧轰炸后，这剧看得真的太快乐了！剧情一点不拖沓，台词没有废话，所有女性角色都有能力有野心，勾心斗角是为了事业而不是为了臭男人。女主跟小情人事后冷静地让他十一点之前离开，女二在男朋友问她“工作重要还是我重 要”时头也不回地跑去公司。爽，太爽了！,力荐
大宝,狗咬人你都理解不了，人咬狗的世界不适合你，找个男人嫁了吧！这精神状态领先大陆部分剧好多年啊，真的不想在看霸道总裁爱上离婚带娃的我。,力荐
令希丰,TVB年度最佳，气势如虹。第八集之后，改四星。看完12集，又改成5星，冲冲冲，我可太喜欢看到Man姐得逞的样子了！14集封神，说说……到底有多精彩！,力荐
ZeonGin Sou,用寒战的方式，来拍记者职场剧。有体制的地方，其实就有权斗。TVB的节奏，快狠准稳，有热血又有反转，相当过瘾。有不足，但，金句迭出完全可以搭救。,力荐
嗑嗑,近期最佳，节奏快到飞起,力荐
Ms.蔬菜,看到佘诗曼在一大堆男人当中，就知道男人在这个社会获得多少隐形好处。自从升职之后，接触的基本上是男人，连美国也差不多。这个世界有很多东西是有共性的。,力荐
果冻儿,一口气看完12集，有了职业女性的成长方向了！啊，太好看啦，反复观看。原来我是张家妍……,力荐
芒果不爱椰奶_,同时打工人，这剧真的看的好爽，一次背叛一生不用！这剧看的我好舒服，终于不是圣母剧了,力荐
hhhhhqxhljj,超级超级超级好看啊，我真的爱死这种女主了，里面每一个女生都好棒，不过这种紧张的职场关系看得人怕怕的,力荐
苏玉之,全员事业脑，在内娱职业剧还执着于钓金龟的时候，TVB今年对于职场废物的骂人金句已经是“找个男人嫁了吧！”,力荐
肖白圭,"不得不说，还是TVB更敢拍，TVB不像内娱，不会恶意塑造女主，不会故意将女主塑造成没有专业能力、没有基本的自保能力、没有基本的判断能力、没有基本的与人相处的能力、凡事只知道讨好跪舔男主及其家人的人
TVB塑造的是有血有肉的女性，有人性的弱点也有人性的光辉，不像内娱，只会塑造无脑跪舔的娇妻",力荐
momo,目前比较好看～,力荐
今日只吃菜,一口气七集，TVB近十年最好看的职场剧，没有之一。,力荐
姜夫人,近几年看的港剧中质量最高的！,力荐
天智,港剧为了佘诗曼回归，剧本可谓是用心了,力荐
黑小花,节奏太好了 很爽,力荐
爱丽丝,佘诗曼绝杀,力荐
恺君,好久没看过这么剧力万钧的剧，每一集都很刺激紧张，MAN姐气场大开，大杀四方的感觉太对职场女性胃口。,力荐
三九天下第一,"了解TVB的都知道，许多编剧的风格就是喜欢把自家公司或艺人发生过的事做成剧本，因为没有什么比现实做剧本更真实的了，也反映出现实往往比戏剧更加的荒谬。

真的是应了那句佳话：哪里不切实际了，一直都是这样好不好？不知道别乱说，自己好好想想有没有了解过进步过。",力荐
彼方有荣光,只有看tvb职业剧的时候才会想起从小立志做职业女性的梦想，而现实中是天天盼着退休的摆烂女,力荐
保小罗,佘诗曼演刘三好就是浪费，演娴妃就很合适，演职场娴妃更是。,力荐
大美女蛮横吐槽,棒 ！ TVB 回来了  三年内最好港片 ！,力荐
tothemoon,所谓“全员恶人”，是因为把每个职场人物角色都塑造得很立体，职场就是这么现实和残酷，有好人，但是自己利益最重要。剧情紧凑，干脆利落不拖沓，一口气刷了,力荐
沈怀周,她翻不过那道山，因为要翻过那道山就必须要飞过那片海。她拼了命的学游泳，呛了几口水，沉下去又浮了上来，她洇着水过了海，所以她当然翻过了那座山。,力荐
runnytone,不要太带感 女教父 水至清则无鱼,力荐
慢大人,哇，现代版宫心计，我大学看这个肯定选新闻专业了,力荐
只为你而来,现在的女权主义 剧情很邋遢 都是勾心斗角 好看的,力荐
Oops,职场斗争80% 新闻本质20% 不是个升华社会议题的剧 但绝对是个快节奏的职场好剧,力荐
awang,难以想象二十年前的尔淳现在变成如此心机腹黑玩弄人的新闻女王。实在是太爽了。很多不经推敲剧情。但重在爽。真的很酷很解压,力荐
wyy,对比内地的新闻剧 感觉都不是一个世界的…每个人物都很立体 没有单纯的傻白甜也没有纯粹的恶人,力荐
月光下的背影,超好看，啊佘太厉害了。女主又多。,力荐
静冷杉,带劲！,力荐
少管我,天啊，星星都给了佘诗曼，我喜欢这样的女强人，不过只是剧内哈哈，剧外这么不顾人情我会，不理解的哈哈,力荐
陈皮,很好看，港剧原有的水平！,力荐
momo,快节奏不拖沓 台词有水平  女主人设是目前看过职场女主最爽的 分得清利弊,力荐
光锥之内,内娱剧女主：没了男的做什么都一蹶不振；港台剧女主：没了男的老娘事业如虹。,力荐
米莎,戏里骂人最狠的不是工作上各种无穷尽的刁难，是佐治说“找个男人嫁了”，哈哈哈哈哈哈哈哈,力荐
momo,对标隔壁杀疯了，就是亮度能不能不那么亮,力荐
Lucky,很好看，节奏不拖拉。,力荐
Shero,什么时候能成为佘诗曼那样的人啊！太好看了,力荐
莫怀,有人的地方就有江湖。,力荐
momo,"剧里个性鲜明、野心勃勃的事业型女性，让身为女性的我忍不住仰头祈望有天能像她们一样用专业说话
另外就这5集内容够内娱拍个15集了
man姐冲啊!!!",力荐
走过春夏,这节奏看起来太爽了！竟然看了就一口气停不下来！,力荐
墨石,喜欢,力荐
直胖,近几年唯一看下去的tvb剧，还得是佘诗曼！虽然狗血，但追看性强,力荐
月寒妮,一口气看了12集，很多地方仿佛看见了过去的领导和战友,力荐
Luvdika💫,榜样,力荐
薯片,2023年年度骂人金句，找个男人嫁了吧。,力荐
酒酿小圆子,港剧雄起了一回,力荐
AtlasNova,这才是真正的大女主剧啊,力荐
katie,"很难得没有倍速看的剧，每个人的性格都很饱满，演技好,节奏紧凑。现在内娱能看的剧真的越来越少！",力荐
死了de鱼,文慧心，冲啊,力荐
鲁路修cy,看着很爽，拜托，男人不值一提,力荐
当归姑娘,如果女性角色有团结一点就好了，男性都团结起来打压女性，女性还在一直勾心斗角的，新闻界的“宫斗戏”吗？,力荐
书海无涯,别的不说，光看何依婷的颜就五颗星了，气质比国内那些流量花们高出几个数量级！！！！！,力荐
摸鱼的momo,看到第三集，爽！,力荐
OmenRuth,女角色刻画的真好，阿佘和施华真的这么多年了还是那么好看,力荐
张秀才味羊汤面,带感，停不下来！不拖泥带水，基本上每个冲突在一集半就解决，不拖沓。以前对tvb存在误解，不喜欢电视剧的风格，不喜欢里面的角色，不喜欢粤语口音。但与时俱进的这部剧刷新了我对tvb的看法，除了观众们喜闻乐见的女性独立意识，更珍贵的是里面个个饱满的配角：踏实能干有底线业务能力超强的家妍、表面谄媚风光实际也有苦衷的诗情、反水后遭报应的晓薇……比起权斗，更喜欢这些真实到能引起共鸣小角色。再风光厉害，大家不都是人嘛，家家有本难念的经。,力荐
韩允真,这还是成年后唯一看过的tvb了，小时候可喜欢了，好久没看见过余诗曼了，对她的记忆还停留在刘三好，没想到她演坏人也挺坏的哈哈哈。,力荐
罗里吧嗦,目前节奏真的很满意，希望别烂尾就ok,力荐
momo,好看的，特别适合我这种对职场一窍不通的大傻子,力荐
总有好事发生,感觉埋堆堆没有存在的必要了,力荐
青烟岭,如果这部剧都觉得不好看，那基本国产、港剧、台剧里没有能看的了…,力荐
枸杞泡茶,先满分，好久没看这么好看的电视剧了。,力荐
迷糊小姐,这才是真正的女性职场叙事。不需要各路高富帅名里暗里的扶持，也没有降智的对手一路衬托主角高光，而是靠女性自身力量就能在职场杀出一条血路。不出意外，《新闻女王》会成为港剧里的又一个经典，入股不亏。,力荐
怪味小胡豆,这才是女王 用方法验证能力,力荐
奥运热心观众,很港很入味 天知道有多久没有能让我看进去的剧了 就算知道会狗血会煽情哪怕套路了一点点 能吸引人抓人胃口才能开始有味啊,力荐
淮,精彩,力荐
漠漠,一口气刷了八集😂从来不看港剧的，太好看了吧,力荐
一剪菩提的光阴,"叙事拍摄值得学习
服化道也拿出了中环的水准，追上了
不知道是不是在追剧ing，感觉后面好水",力荐
buyhighselllow,佘诗曼会演戏,力荐
过儿,man姐明明在笑，为啥我这么害怕😨佘诗曼太牛了！！！！！这剧真好看！！！高海宁也让人眼前一亮！！！！,力荐
Jess,满分可以有！,力荐
有米最可爱,好看的嘞，找回当年追TVB的感觉了。其实想打4星半，可惜没有，多半颗星算是给阿佘的偏爱～～～,力荐
厄洛斯密,很喜欢港剧里的台词和思想，描写人物并不是通过其他人立人设，而是从她的语言行为，不是单单一句台词说她很厉害就可以的了,力荐
李小盒,一看前面有说悬浮、浮夸、装皮的马上笑出声哈哈哈，果然啊，港剧还是小部分的受众啊，看不习惯港剧可以不看，接受不了这种敢写敢演敢拍的可以多看看内地的偶像职场剧去。说回剧里，不亏是台庆剧啊，职场剧TVB的舒适圈或者说统治圈不假,力荐
老芸子,精彩无尿点，虽然也是沾了女性独立、大女主光环的纯爽剧，但被隔壁偶像剧一衬托，值得五星,力荐
庸人自扰,好优秀的第一集，人物性格和冲突背景都交代齐全了。,力荐
时间说了算,就一点，不喜欢看电视剧就是太容易困了，这个节奏真的太快了全程无尿点，不跟你废话好吧。舒服。,力荐
小七~♥,居然还得是TVB来给内娱那些演技全靠咧嘴呲牙的“倾国倾城”普女打个正经职业上班人的样。🙃🙃🙃,力荐
无语丧丧怂人,职场剧还得看tvb，希望别烂尾,力荐
青春只有钱能买,tvb只要不受👖影响就好，👖公器私用啊，王文姐不就是👖员工吗，这戏办公室太塑料，女艺人化得都那么老吗,力荐
L'Aquoiboniste,好久没这么好看的港剧了,力荐
B,比之大陆剧，可以打五星。佘诗曼的拽样好帅,力荐
幸福并感激着,"一口气看完12集
非常上头
节奏很快 剧情很紧凑 
几个主要人物性格特点刻画很奈斯
有爽点 有看点 好久没看过这么奈斯的TVB剧了",力荐
露葵。,好爽、好劲，佘诗曼气场炸裂！！,力荐
沈家句,梁景仁（梁家树），珍姐（文姐），方太（方逸华），赤裸影射自家的山头文化，这自由开放的态度值得点赞。,力荐
多次婉拒be美学,大女人给我狠狠搞事业,力荐
浓情cocoa,这成绩全靠同行衬托,力荐
小天,阿佘一如既往的稳，全员演技派，剧情也是很棒，内地脑残剧的编剧好好学学吧，一帮垃圾，是的，就是垃圾，就是拉踩，这么多年过去了，有几个合格的职场剧？脑残剧一堆，恶心,力荐
莫妮卡树,好睇,力荐
静嘉,这才是成年人该看的剧！！！,力荐
姽婳。,好久没有能看的下去的港剧了，阿佘太飒了。,力荐
Rachel Yeung,tvb职场剧yyds！节奏快不拖沓,力荐
Aubrey,特地去bing找粤语版资源看，拍得节奏真好，再也不用1.5倍速看剧了......我发觉职场剧就是很有魅力，成年人的童话故事大概就是职场升职记,力荐
柯柯Kuroba,台詞真好。,力荐
嘎嘎pp,漏看了一集。。都没发现。。,力荐
豆友wNTgm6ad4M,tvb骂人：找个男人嫁了吧,力荐
不爱喝咖啡,跟美剧一个节奏，爱了！,力荐
momo,懒得评了，总结就是编剧是有脑子的，也是觉得观众是有脑子的，比以爱为营好看了一百个宁安如梦,力荐
见风如见我,"虽然里面有些桥段很扯，但是文这个角色真的好强啊，每次都能有让人出人意料的手段和交易，而且她真的好聪明啊，妈耶，各方权衡既得到了自己想要的结果，又平衡好了各方权益，双赢，不，多赢，好强啊，这角色。
——
第15集怎么所有人做事都莫名其妙的了？感觉全员降智不说，而且好多事情都没交代清楚，一集三个case，短小精悍一笔带过倒也还好，可现在就是没带好一点，搞得很混乱，很乱七八糟的……不会要烂尾吧……",力荐
iamboom,有点牛b,力荐
辛绾绾,刷新了对新闻业的理解,力荐
猫的爱丽丝,在tvb也是高水准！,力荐
箫凌,据说女主角就是刘涛自己心目中演女霸总的样子。,力荐
黑白魔女库伊拉,听说我们未来剧集的战略规划后，更感觉此剧难能可贵。,力荐
艾琳,做女强人，就是为了世界都看到你。你宁愿用三克拉钻戒擦眼泪，也不愿意站出来说你反抗过，争取过？,力荐
晓行天下,不错！,力荐
寻馆,2023.11.19 评论说剧里记者比警察还先到现场很离谱，拜托这是香港，香港记者坠快了，比西方记者都快，比警察高到不知道哪里去了。（这么多年过去了，还是tvb教你什么是职场剧，什么才叫大女主）,推荐
嵇珞疏,同行衬托，港剧内核和精神状态已是next level。新闻届两大阵营互斗，针尖对麦芒，勾心斗角，不择手段。节奏感很强，冲突，抓马，反转，强情节，剧情环环相扣，由新闻之争衍生出来的是非曲直、善恶美丑。佘诗曼气场全开的架势和韩剧《迷雾》里的金南珠很像，港剧有自己的高惠兰。,推荐
沉默如海,节奏超级好，剧情也很丰富，佘诗曼气场全开，马明完全压不住她。但感觉真正的灵魂女主是李施烨，希望别又是捧什么人搞乱剧情。,推荐
吴不二,确实可以说吊打内地同类型剧，不拖泥带水，不随便谈恋爱，不乱七八糟拖节奏,推荐
摘朵花照相,"我们内地拍职业剧真的要多学学tvb，这句话已经说累了，不说那之前盘了很多遍的经典职业剧。
就说最近的《新闻女王》，瑕疵肯定有的。
但是！目前播了7集，每一分每一秒都在紧锣密鼓地拍职场！怎么抢新闻，怎么为了上位不折手段，怎么为了拿到最前线的一手资料而拼命，上司为了不被能干的属下压制怎么弄权挑拨…
7集了，基本没有恋爱镜头。",推荐
sayulita,你连狗咬人都想象不了，人咬狗的世界不适合你，找个男人嫁了吧！哈哈哈哈，港风还是遥遥领先啊,推荐
麦田里的守饭者,hk记者跑得快，希望不是挽歌吧。想到最近发生的大火灾无正经新闻报道，心生感叹，加一星吧,推荐
朝阳区陆依萍,真的很喜欢这种又抓马又疯逼的职场剧，让我们一起做个职场大疯逼吧～,推荐
pina,感觉tvb写这类戏根本就不费脑，本身是电台，遍地是素材,推荐
不良生,追平十集，三星半。当放低对港剧的期待很久之后，这一部反倒能显得好看起来。佘诗曼是意料之中的好，演技一如既往稳如老狗，新千禧年初港剧里的柔弱小白兔啊，如今恶女气场全开霸气slay，从前爱过的那些tvb大花们各自退隐消声风流云散，最后只剩她依旧勇；李诗韵是意料之外的喜欢，或者说角色衬人，张家妍是目前她最让我偏向的角色，家妍有非常强的业务能力，却无心于也不屑去站队，去参与职场政斗，我总会在这类“不求上进”而“只求自我内心世界圆满”的人/角色身上照见自我，虽然这样的人注定无法在任何一个职场走得更顺，坐得更高，获得更丰。,推荐
丫丫布^念兒,阿佘回归之作，刚好作为台庆剧，很喜欢这期的主题，新闻真真假假，完全看切入点,推荐
生活是甜蜜,不努力就要回家结昏惹。虽然搞派系斗争能上位，但专业能力够硬的人到哪儿都饿不死哈。,推荐
沈从嘉,目前看来剧情紧凑，节奏快，属于tbb传统优势地带。有重量级担正，应该不会出现灵戏逼人那种支线僭越主线的问题。某些剧情上让我幻视这好像你们tbb内斗的影射啊，你们是在抽水自家高层吗？坐等后期剧情乱拉cp和烂尾（不是）,推荐
珩篙,目前最欣赏Cathy，但把她的动机写成父亲真没必要，纯粹的野心不会减少她的魅力,推荐
冰镇西瓜橘子水,说是翻拍的早间新闻 但是看了三集 感觉和原版没啥关系 只是都借用了新闻主播这个职业来讲东西 tvb更擅长的是群戏和两波人的勾心斗角 虽然不如原版的讲me too 那么发人深省 但是当成下饭剧一看也可以了,推荐
敏敏特穆尔,给四星，原因是，这个剧，放在九十年代众多优秀港剧中 对比其实并不算特别牛，得亏了陆剧衬托才显得如此优秀。港剧一直倡导人人当自强精神依然领先我们几十年。,推荐
非静止,在我看来好看的职场剧跟宫斗权谋一个逻辑。,推荐
某J。624,《逍遥法外》版《迷雾》。虽然网友那句话没错：tvb近些年的职场剧同以前的差别就是，从“精英感”到“扮精英”；但也实打实告诉了内地编剧女权和田园女权的区别。新闻部分的浮夸和戏剧性暂且不提，性别、阶级这一套，讲了几十年的hk真的是瘦死的骆驼比马大。就是别烂尾。,推荐
galiluo,很久没这么投入地看tvb了，自然有阿佘、马明两位主演滤镜加持的原因，但剧情占更大比例。如果说韩剧《匹诺曹》是套着偶像剧外衣的职场剧，那么《新闻女王》实实在在就是把tvb擅长的宫斗剧和溏心风暴式的明争暗斗用职场剧基调再演了一遍，虽然有点新瓶装旧酒的味道，可耐不住它香啊,推荐
nono,前五集节奏非常好，剧情也不离地，没有过度人设噱头，终于摆脱了合拍缝合怪的诅咒，希望保持住水准，不要中段崩不要烂尾。,推荐
galiluo,很久没这么投入地看tvb了，自然有阿佘、马明两位主演滤镜加持的原因，但剧情占更大比例。如果说韩剧《匹诺曹》是套着偶像剧外衣的职场剧，那么《新闻女王》实实在在就是把tvb擅长的宫斗剧和溏心风暴式的明争暗斗用职场剧基调再演了一遍，虽然有点新瓶装旧酒的味道，可耐不住它香啊,推荐
nono,前五集节奏非常好，剧情也不离地，没有过度人设噱头，终于摆脱了合拍缝合怪的诅咒，希望保持住水准，不要中段崩不要烂尾。,推荐
水蜜桃汽水,节奏真不错，佘姐好飒。,推荐
黏巴粘儿,tvb没落还是新的崛起谁说得准，或许是转型期的阵痛。拿片面内容批评有bug的你敢写在长评区吗？,推荐
线线,太精彩了。看到11集了，怎么越来越乏力了。。,推荐
otures,犹豫一下，因为工作相关得捧着良心扣一分专业性。但是竟然很坦然地把新闻是扭曲真实演进明争暗斗里了，还挺新鲜的，从这个角度未免不算入木三分,推荐
淋,自己烂，就不要怨别人拉踩你，活该,推荐
奶茶给我我不喝,我佘夸过的本子基本不会太差（上一个是延禧），至少可看性还是很强的，只要不烂尾应该可以小火一下,推荐
autumn,看完7集。记者直接进火灾现场，真的不可取。4星是对tvb的情怀。,推荐
柠檬苏打糖,难得的一个职场片，终于不是一水的无脑白小白兔当道了,推荐
娜娜柯里昂,办公室政治因为代入感太强而引起不适……,推荐
Larkin.,还不错耶，tbb的味道还健在，四星观望下。,推荐
安宕宕,典型的TVB节奏，并且一向主张传统男性主导价值观的TVB终于找到了适合内地市场的大女主风格，此前家族荣耀扑成狗，这次有望翻盘了，希望后半程保持住，期待TVB再创辉煌。btw，马国明真是越老越魅力！,推荐
娱乐圈梗姐,香港的行业剧总是能够抓住这个行业的核心，就像这部剧，把新闻记者比作“锚”，就是突出精准、指哪儿打哪儿的行动力。而且香港的行业剧又总是突出卷，其实我做记者很多年，我没有出卖过自己的身体去获得新闻真相，或许我还不够卷吧。,推荐
柯惜,张加盐才是理想主义,推荐
殺死金毛玲,吗呀这明争暗斗 要累死谁啊,推荐
大头,很港剧跟以爱为营一对比，就必须推荐了,推荐
Jackcal,老实说第一集就有不少槽点，尤其是TVB近些年这种越来越浮夸做作的画风，真的很影响观感，但冲着实实在在的大女主和剧中输出的一些观点还是给四星，希望后面不要太拉胯。,推荐
我是土豆,的确不错👍,推荐
Agent阿神,金枝欲孽味儿太浓了，Man姐是如妃，张家研是安茜，小V和深V是玉莹和尔淳，梁景仁是徐公公，飞爷是皇后，方太是皇上。,推荐
blueeee,想多看佘诗曼和李施嬅的对手戏，马国明在这里显得格局好小，直播时切信号切提词器……这新闻要是垮了不就是杀敌一千自损八百嘛,推荐
懒得取名字了,一口气炫八集 这个节奏真的很爱,推荐
🍑Polaris.J,好久没看宫斗剧了！！爽啊！！！佘诗曼气场全开！！,推荐
莉莉丝,看到第15和16集弃了。可能职场和贴近生活真的不太吸引我,推荐
大醒学长,这个职场剧 看得我好想远离职场。大家只为争眼前的一杯水，却忘了身后的汪洋大海。（共勉！）23-10-20,推荐
落樱缤纷,题材是TVB近年来很新的，演员阵容是老少搭配，目前更新剧情比较紧凑，就是略有些装。比。,推荐
祝雅舟,港剧真是华语圈职业剧的高地，来看man姐教你做事,推荐
厮罗,节奏快剧情也没大的bug整体很不错的爽剧。,推荐
废柴气泡水,还得是tvb！被披着职场大女主外衣的内地甜宠剧接连创飞后打开这部剧，简直如听仙乐，对我眼睛耳朵好,推荐
Chloe.,现在tvb也用这么白的滤镜了吗？质感真的不怎么样，情节紧凑，有点美剧《早间新闻》那味，Cathy这个角色真的很适合高ling,推荐
Pandy,会有各种小瑕疵，有bug，有尴尬的点，新闻真实性/新闻娱乐化/新闻的意义，想探讨但限于篇幅也好，现实制约也好，没有太深入太见血，但真的会被佘诗曼感动到，想想20年前的君好，Madam马，尔淳，刘三好，丁小嘉，到今天的Man姐，也算是看着阿佘从邻家妹妹成长到今天的新闻女王。“我系文慧心，今日系我响SNK作为主播的最后一晚，我哋有缘再见”，这就是演技，这就是气场！,推荐
李湘,挺好看的。职场剧。新闻主播和记者题材。剧情蛮有意思的，冲突戏很多。马国明老了。谭俊彦挺帅的。佘诗曼依旧神采奕奕，演技在线，眼里有光。有点意外，李施嬅、陈敏之的演技也挺不错的。,推荐
香蕉鱼,目前一口气看完六集，还是很不错。节奏很流畅很快，演技也过关。我喜欢王敏奕和李施划和那个男孩组合，就是太过关爱他们了。大家都在宫斗，只有这三个有理想，太过理想化。佘大女主很飒很美衣服也好看，就是过了一点，真实感差点意思，高lin每次都这种卖弄 性感的角色，好可惜！,推荐
天堂羽,宫斗、宅斗到这里权斗，tvb很会发明概念，但其实都是换换皮。虽然是优酷和tvb一起投资，但作为tvb班底制作，还是回到老一套，迎合香港本地主妇收视群，格局太小。前6集还有模有样，快节奏弄了很多新闻、直播，但也雷声大雨点小，来去就几个人，什么史上最强直播、10年没有的直播，结果“就这？”，换韩国，早干青瓦台了。目前到12集，越发进入“舒适区”，男女关系成重点了。演员不错，佘诗曼真的适合这造型这角色，比以前美。张家妍很拉好感，飞爷的奶茶很亮,推荐
momo,职场心机，办公室政治，把人心玩得太溜了，太会PUA下属了，就不能合作吗都在搞山头内讧，一直在制衡，方太不怕把电台搞垮吗,推荐
雨滴项链,前期看阿佘实力超群屡出奇招超级爽，上位后戏份变少，14集后剧情开始崩坏，在考虑是否弃剧……,推荐
卡雞馬,这才是职场剧，没有一刻停息的窒息感。,推荐
起点的三斤鱼头,tvb今年卖相最好的一部剧，制作大演员多，议题够爆够吸引人，节奏快反转多，人性争斗也足够吸引人，角色众多而面目鲜明，线头多但紧紧围绕新闻部展开，在娱乐下对新闻道德的一些探讨也有意思。演员方面总体来讲目前没有特别拖后腿的，阿佘马明诗韵都很有大将风范，像龚慈恩邓志坚等配角也有很不错的表现，小花方面王敏奕贴合角色但没有突破，何依婷台词和气场拖了后腿，但还是看得出她的用心的，这个精神脆弱又眼高手低的形象还算令人信服，小生何广沛演了个墙头草角色，还是有新意的。当然问题也有，调子起得太高太强调戏剧性，其实有很多细节上的问题，比如为了突出记者而弱化了警察法证等，如果后期剧情把控不好会走向崩坏，以tvb的尿性虎头蛇尾是很有可能的。当然，这确实是tvb目前拿得出来的最高阵容，也是今年最有诚意最值得看的突破之作。,推荐
歌德尖塔,意外的很好看 各式各样的女性各展风采 每一个都很有魅力,推荐
天生这么红,"最开始看了半集就弃了，因为看到记者在消防员之前赶到车祸现场还到处转悠感觉非常扯，而且，我发现港女气质都好像，多年不看tvb的人竟然脸盲了，节奏也快，看得太累了……
后面又捡起来看，这种节奏飞快而且不谈恋爱专注搞事业的剧，好看是好看的，就是那种剧情很扯看得很累的感觉始终挥之不去，比如后面又出现记者比消防员还拼命的情节，比如大家一天到晚斗来斗去没完没了，香港地方再小也不至于没地方可跳槽非要在这一家公司斗到死吧，这完全就是把深宫似海不得解脱、不斗也得斗的宫斗设定塞到了职场……只有那个谁都不想去的网志部，在我看来，简直是神仙部门！",推荐
文思豆腐,给佘诗曼加一分，剧情节奏很快很吸引人，但是角色脸谱化超级严重，bug也很多，正好近期以爱为营开播，对比严重拉了一波好感，但剧集本身问题不少，有时候播出对手也很重要,推荐
小步捯饬着,很抓马很好看 但也确实有点失真 国内职场也不会时时刻刻都这么剑拔弩张吧 可宫斗也很好看啊我认了！,推荐
目黑蓮,还挺好看的，不知道会不会烂尾,推荐
Xuayo,就应该这样！要敢写不完美但极致的人物，敢写针尖对麦芒的矛盾。敢写欲望，敢写遗憾，敢写成年人的世界。,推荐
仙道第一大小姐,"一口气追平了，佘诗曼真的好会演，大女主还得看TVB，完全🈚爱情戏份，喜欢看女人们为了事业、权力、信仰斗争，而不是男人。
15集弃剧，有点无聊了，等完结看口碑要不要继续追",推荐
我本来叫MoMo呀,TVB的剧虽然没有以前那么那么好看了，有些细节其实降智。但是怎么说，全靠同行衬托。,推荐
五月,虽然套了新闻的皮其实是宫斗……剧情还蛮紧凑的,推荐
燕人张飞,比起近期看的所谓大女主，文慧心职场女强人的形象很到位，对手戏也很强。节奏快且推进有趣。,推荐
阿迷大人,哇这才是港剧啊！,推荐
Sia,节奏超级好，剧情也很丰富，佘诗曼气场全开，马明完全压不住她。,推荐
南黛楚,曼姐气场全开 终于有部疯狂追起的新闻题材女强人TVB港剧,推荐
水漾琉璃,"中韩新闻女王对比
论故事情节中方胜，搞事业的总比玛丽苏的好看。但韩方那种性张力也自有其魅力。
论演员表演气场台词，佘诗曼和金南珠都是老戏骨，大佬级别，举手投足，艳压群芳，不分伯仲。
论妆容服装，韩方胜，50+的姐姐，防腐剂和整容过日子的么？美成这样。佘总有些浮粉感。

ps.说过分的去看电影夜行者，揭露行业黑暗更甚",推荐
李昀轩,尊重新闻真实性很好，但中期权力斗争过于剑拔弩张，影响新闻这个主题,推荐
Jafe,三星半吧。新闻行业还是少见，阿佘演得真好。剧情其实还是离不开tvb的老套路，比较多地方显得生硬。,推荐
Overthefences,港职剧的编剧和女性角色精神状态领先我十年，看到现在没有一个废的女性角色，开场平均每一分钟反转一次，真牛人！,推荐
单晶冰糖,节奏很好，编剧有用心在讲故事。剧情看起来很爽。,推荐
豆瓣天后董小姐,“媒体守土有责，就是偶尔有机会，用新闻的力量让世界变得更好。而更多的时候，得像守夜人一样，努力让世界不变得更坏，”传统媒体只要守住真实性的底线，在这个时代也能有一席之地——但是、但是能守得住吗？,推荐
momo,传媒人真的汗流浃背了,推荐
zzhong,剧情高能，姐姐太杀我了,推荐
谢明宏,感觉剧情就是Man姐看破红尘，最后虽然斗赢了但还是选择离开SNK，下一任新闻女王是那个刘艳！,推荐
八阵怜,情节很抓人,推荐
小楼,内娱能真正讲好古代的三国，水浒，西游红楼是90年代的事情，还有10%的正剧是独特的优良制作，剩下的都是各种洗脑。除此外，他们讲不好99%的职场剧。偶像剧也讲不过20年前的台偶，无法真正地有效输出观点，只能附和现在的政策，只能跟捡别人的破烂，再用长得崎岖的流量或崎岖的演员去拼凑新的破烂。,推荐
咕叽叽,有种看金枝欲孽职场版的感觉，谁让我爱看呢,推荐
南宫寒冽,港剧很敢写也很会写，情节很紧凑，不讲废话，虽然很戏剧，但是观众就爱看。,推荐
南池子,相较于内地剧，港剧的剧本强太多了,推荐
阿西,职场宫斗剧，能力第一，道德靠边。,推荐
束手无策,还行，但是必须要看粤语版的才行,推荐
陈轮,八集，三星半的水准吧，新闻女王要感谢今年TVB一众烂剧衬托，无论从情节戏剧性还是演员表演在今年都算鹤立鸡群了，李施嬅的角色感觉挺出彩的，不过问题其实也很明显，为了塑造戏剧性，剧情合理性稍差，暂时+半星鼓励，四星观望吧。。。希望不烂尾,推荐
豆友8-DbWPR1tc,港剧怎么说呢，总能看下去。又总觉得缺了点什么！,推荐
脑洞大师,剧里面的女性不管性格怎么样，但都不是恋爱脑，都在为了自己的目的和野心而打拼，这部剧确确实实做到了展现女性独立自主和自我价值的魅力。,推荐
惊蛰小白,作为日常的BGM，好听的呀，是爽剧的合理打开方式,推荐
栗,非常喜欢man打赢胜仗那天，镜头一转她跟小鲜肉名场面，直接讲明一切都关于性，性关乎权力。,推荐
荒唐的墨点,剧情内涵挺俗套，但是好在演员撑起来了。,推荐
妖精的妄想,节奏不错,推荐
Rrrrrroxy,部分新闻情节幼稚得有点可笑，但看在TVB革自己命的份上，值得四星。,推荐
吟游僧人,曾经对职场剧嗤之以鼻，现在发现只是大陆的职场剧拍得太拉而已。曾经十分厌恶派系斗争，经历了几份工作后，发现在竞争激烈的大公司里站队是在所难免的，如果一心想要置身事外，只会让自己沦为边缘人。,推荐
闪通,想到了「迷雾」的金南珠！佘诗曼气场全开！,推荐
轻寻到下绿,自信真的散发魅力,推荐
不羁的風,"4
近年来难得的tvb好剧，梦回当年tvb巅峰年代，金句频出，主角们演技都在线，女性职场主题，社会话题敢发声，看得停不下来，虽然有bug但瑕不掩瑜。",推荐
飞天小女警泡泡,看了四五集 披着新闻外壳的无聊宫斗剧 但是依然吊打内娱绝大部分的脑残片,推荐
拥有一片大花园,离开新闻业几年以后再看新闻编辑室里的宫斗剧还是有点特殊感情的……虽然但是，呜呜，希望一切都会好起来！,推荐
一然杂谈,优酷难得有追得下去的剧了～,推荐
TonyBlue,披着新闻职场外衣的宫斗剧,推荐
thv,最爱合拍剧的阵容 再烂的剧情也满满情怀🥹港剧是真的只能靠佘诗曼马国明这一代打下去了🫣佘诗曼真的好会演🥰这个题材太好看了👏🏻职场剧+资本类的还是要看港剧！第一次这么讨厌马国明演的角色 里面一群恶臭男🫣原来不是我不爱看大女主 只是不爱看大陆职场大女主🙂感觉有点内涵tvb山头文化🫣,推荐
电影伊森,昨晚开始看就直接停不下来了，好久没有这种纯正的港味了，希望后面保持住，别崩了。,推荐
人间犯困,有缺点但是tvb的编剧一直在努力讲好故事有看点吸引人有趣，不是慢悠悠讲质感的隐秘角落漫长季节之流的故事，国产剧好像只有以上这种才能有高分了。,推荐
Field,剧情比较刺激，节奏也很快，勾心斗角的职场夸大化，很吸睛，看完感觉职场真的有些黑暗，仿佛自己所见到的媒体界新闻界是个渣渣一样……,推荐
xii,回到小时候的tvb模样，终于回来了,推荐
黄耀暗,影射TVB山头文化还得是你们内部员工,推荐
真心真意,职场上混的人千年妖万年怪，个个都得有煤饼那样的心眼，谁都不是简单的人。做人留一线，日后好相见。,推荐
尖椒,我爱抓马,推荐
Mr.March,这不就是个爽剧，该有的都有了,推荐
小小玛丽奥,2023年这个行业竟然诈尸了……佘老师为什么总是一副奸妃模样……,推荐
同学,"香港给人一种很割裂的感觉，一边是被资本主义长期浸泡下养成的上流精致，一边是骨子里的传统观念留下来的难以磨灭的顽固保守认知。
震惊于他们职场上真的可以做到说跪就跪，又觉得因为有情绪病可以被平机会保护真的很人性化。
能做出成绩就可以谈条件，人比较弱也可以被保护，找大树乘凉也无可厚非，心甘情愿地成为保姆也会被理解。
也许这就是职场吧。",推荐
Miss 媛,好久没看佘诗曼的剧了，好久没看港剧了,推荐
Alphaeus,TVB剧集的品质👍,推荐
草叶集,爽剧，打发时间不错，一整个cp 大乱炖的impact ，高尔夫那场戏颇有点芭比和肯的意思。,推荐
乐乐往前冲,好看 含职场量98% 很带劲,推荐
13sama,全部心思都在看姐姐们。。姐姐们好帅。。。第一次觉得小马显得好多余。hhhhh,推荐
Su,有港剧的那种用力过猛感，但是节奏挺下饭的，且佘诗曼的戏我爱看,推荐
刀尖上的莲,"pi大的单位，弄的像宫斗似的。新闻集团实控人方太就是 实权皇太后。新闻中心主任飞爷就是被架空只能执行的皇上。
两大主播，man姐 和 george 就是争宠的妃子。
下面的手下 就是妃子的丫鬟、公公。

老师说确实情节跌宕起伏，可以说很不错了，但是内里还是个宫斗剧，很没意思。",推荐
煮烂雪糕,停不下来。。。,推荐
🌸（解放天性版,港剧的意识形态领先内地一百年,推荐
春天游泳,指出专家作为男性来评价受到家暴的女性这件事真的很牛,推荐
亦月,有点古代职场斗的很热烈的既视感，这部着重点小一点，不过相比着重点大却突出不了重点的，还是这种集中的好。这部港剧延续了以往犀利的言辞，犀利的观点的风格，给我们看到了形形色色的人物性格，形形色色的人生。展示了职场的现实，有人的地方就会有不同的竞争形态，每个人都要努力跟随社会变化发展的脚步才不会轻易被淘汰,推荐
我们声音被封了,"没有圣母，第一爽剧

文慧心喜欢p新人，打着为对方生存发展问题和去留等名义威逼下属去冒险邀功并试探，激发员工积极性和完成度。一开始张芷瑶为获取车祸现场视频突破底线和原则；后来是晓薇去讨好求敌人获取被欺骗情绪崩溃；刘艳差点葬身火场。飞爷控告无果一是新人刚来对环境不熟悉听话二还没站队对她没恶意偏见不太可能归结于她的原因……她无畏高风险的敢拼敢博 


张佳妍",推荐
李燃,李施嬅那个角色最有魅力，佘诗曼意料之中的TVB职场女王，马国明这气场根本压不住啊，高海宁的妖艳女主播还有何依婷的小白兔，剧情集集紧凑，没半点废话。港剧的level高出内娱何止几个度啊,推荐
勾勾画画,节奏超快，重回TVB黄金时代。,推荐
树上,佘诗曼马国明李诗韵还是看着很舒服的，但有几个配角演技令人发笑，面部表情甚至不如二十年前的配角团。也有几个地方拍摄敷衍得一如三十年前。但好在剧情上佳，节奏紧凑，信息密度非常大，有熟悉的港剧感觉。矮子里面拔将军，目前看了几集还是算真正的职场剧的，没有家长里短婆婆妈妈也没有爱恨滔滔，只有每天一睁眼的工作工作，希望不要烂尾。,推荐
恰若初见,性转版霸总，宫心计腐朽。。。肥皂剧一贯套路。。。,推荐
苏生,造景、特效等质感有点差，剧情可能想走群像风所以一直强调张家妍的正义，但是又偏向于Man姐的塑造，核心情节不太清晰，这阵容有点可惜,推荐
Agene):,连看12集，好爽，美滋滋，佘诗曼好会演,推荐
mussessein,节奏快 反转多 非典型意义大女主 最喜欢的一点是配角群像并不脸谱 缺点当然有 其实很多细节都经不起推敲 但是职场斗争/社畜打工的情感逻辑是真实的 以及作为港剧儿童还是要说 很开心tbb仍在继续寻找新的出路,推荐
仰望星河,有些点很雷，但整体不错，职场人值得一看。,推荐
渔子歌,爽文女主上位剧……,推荐
VINO,得亏同行衬托，现在能看得下去的国产剧就是好剧。,推荐
拍照的蘑菇,TVB拍权斗爽剧有一套哎,推荐
不良少女莫妮卡,最近影视咋都在抬翻拍作品。目前剧情和节奏不比日版韩版差，虽然糙了点，tvb做职业剧的底盘还在。但女主演技差了一两个层次，很行活很装。tvb演员质量还真不如内娱,推荐
骄阳,不愧是TVB 作为下饭剧比内地职场剧水平高太多 女人成功是因为她是女人 而不是靠她背后有一个更优秀的男人 不过一定要看粤语版 国语版台词太拉垮了,推荐
Stardust_xy,这是职场戏还是宫斗剧啊,推荐
momo,新闻女王看似是职场剧，其实是宫斗剧。很想知道她们都这么热爱工作热爱上班的理由是什么,推荐
逻辑怪的水瓶,前面几集太好看了，中间感觉为了斗而斗,推荐
momo,一口气看了12集真的很上头！每个角色的线都塑造得很不错啊，不是那种工具人，群像搞得真的好，但是唯一美中不足的是给我一种宫斗的感觉（不过有些职场也确实如此）,推荐
DING,这里的女孩个个都想往上爬，个个都把事业看得比男人更重要。,推荐
一本书,果然职场剧还是只能靠TVB,推荐
emily,四星给佘诗曼，演技一流。牛逼,推荐
掛住茄牛通,又搵到馬佘合作，馬明演傻子和奸人完全合适，為乜嘢之前冇發現李施嬅這麼美，晓欣故事真係看得我哭,推荐
momo,节奏很快，剧情层层反转，几位女主都有自己的立场和性格特点，值得一看！,推荐
HigerGinner,彩！真彩 本来觉得这个题材没啥看头 没想到挺精彩啊,推荐
Iris,还得是我TVB啊，内娱骂人是：没男人要！TVB：趁早找个男人嫁了吧！,推荐
白日梦女孩,一口气四集爽到爆，人物出场快，性格分明，剧情节奏快，除了个别的剧情有点浮夸，滤镜一点不tvb，可以说是很好看了，希望后面不要拉胯！！！,推荐
xmokok,撕逼大战 三国大战 确实很精彩 经常有反转,推荐
有钱健康顺利.,这种争议性较强的都市剧果然还是tvb老演员才能hold得住，文慧心好飒，李施嬅好美，高海宁一如既往特别适合演“坏女人”，马国明居然演“坏人”！难得还没有感情线，就是纯纯的职场戏！,推荐
长安作赋,节奏轻快，虽然部分俗套，但胜在剧本新颖，在内地清一色爱情土壤中，绚烂绽放。干得漂亮。,推荐
Heron,阿佘飙戏好带感啊,推荐
Kate-1874,追着不错👍🏻,推荐
raising_dawn,佘诗曼可以,推荐
niuniubaxia,剧情有时候真的悬浮，但就是很带感啊，怎么办？而且太喜欢人人都有脑的剧了！以前对佘诗曼无感，这次演技圈粉了，微表情、表演细节都有，看得爽！,推荐
